User ID,Year,Review Count
n-lBS02-3yvlY5Q91mmwDA,2005,171
3MYdpmHeNwC6FquRWi3YOg,2005,60
iUeZhkI0OK0BisakOkb3pQ,2005,51
58yhbFfNHjULDZx0FD-Dvw,2005,38
_BHTC7nyCBoZcfiiD5cOXg,2005,37
jTXj5uf5ER5siDnQK_y4aA,2005,24
3xX-Et9I4Bi4wdRPWJkAFg,2005,19
-qoyKSF2G3PkR_7XNoJfpQ,2005,18
DOFamdMaC_hjn9zg3Gs-0w,2005,16
PO-U11FmTDiqCEqtilFjVQ,2005,15
H4JNrBAoyCk_ZMZWbAf8OA,2005,14
X1VV7rNFaMPDIBE9PVF4tw,2005,13
AuXICYKDCopDrvjy72UVfw,2005,12
BI4lPhrUpmEySIJUywjIjQ,2005,11
F4cbJPyoF1nd3S7Rqz72vw,2005,11
qG_bVdazAjjAO1l94gqHAg,2005,11
c8qFkI_VusWo0xZvkjfBWQ,2005,11
3W-lOOaIVQZONZP83kab6g,2005,10
uSxeEUPMW1nUJr-5jHYt6Q,2005,9
_cz2O9JukT1I2GuYVAA5Zg,2005,9
3zBJUlWtPNoZ0uN83ODbyg,2005,9
ZftKc54UnKJSbuzyEg4SjA,2005,9
98pdN0Hn3Vx_qBlv2SMuyw,2005,9
1w5bmM1qsFdQ6NbAU6ZDjQ,2005,9
whfjd0gIdtPXLTZKmNYqZQ,2005,7
4Xi2i_i1RzKkoJ41_1JHig,2005,7
CrJlQ1NYEIfmMz5RuUhMvA,2005,7
kQX4IZc95PkbkMcS9UbYOQ,2005,7
XCsZ3hWa_6oP1WkWvK7pmg,2005,7
9Z2UEd_f6eC17YxifpWfMw,2005,7
k2zuwaAne-FhHd8M6bXnyQ,2005,7
5mHprbXJYoz-7ACL-xL2eA,2005,7
gjfcfzrYZ0O1xINHtnQKiA,2005,6
RywiEGRkea2j9IY7juD24w,2005,6
nkN_do3fJ9xekchVC-v68A,2005,6
b7ceiS47nxb4p92JAR8iqw,2005,6
0FbtB0ajpk8VZSVpC6KjGw,2005,6
GXn4ZsasLKh0qZ5g3nIqcQ,2005,6
q_QQ5kBBwlCcbL1s4NVK3g,2005,6
O-syY_2E82grwoSebsDcvQ,2005,6
lZsusXJjzStoi3vQmqzoMg,2005,5
Hc5Q5rmByOU6gdGkr8TLBg,2005,5
Bf87HcPERF9yiSjb2tQBqw,2005,4
xPE3z3YRe2CWKyYjjICneQ,2005,4
NxcJCKeTLNVl-xRP7rpDhw,2005,4
iL-5xEeaQWpESDgKdl-Krw,2005,4
-2BsDZWzob5Q1ZGHcDJ6gw,2005,4
TZ53SO335VUAeUt14E0eGQ,2005,4
qEYG5IE5dTekjIhdoV31bQ,2005,3
TDXV6AC5PYOZEyN9eeODfA,2005,3
y8lz_6KWGOQ9jcTyIdwTLQ,2005,3
ORkSoQaD0jywIA4fgvvszg,2005,3
ssXAz7RahuYNDx7FeRe4Aw,2005,3
Xj0O2l0bp633ebmG468aZw,2005,3
Zsq74nsRcudX1LC6yv8JVQ,2005,3
M4CiAGc2PePKMoAaMDfevw,2005,3
UZ6YOaTiZ1lTZWKASIkVuA,2005,3
VRNF7v9PRqnfU3XpNmRxpQ,2005,3
4nRS6b_-mZCQT8Q6wGOG7A,2005,2
B6FbaEEn5Uh4kEqv4kUdgA,2005,2
eL9CR1oxghmW8MyP5duxbw,2005,2
8nmTBwsCkwCMjp4qmDJmPA,2005,2
y6-ONuzNIxAfsgfeT53_sA,2005,2
X0q4bFpolUwr_MOKEURbHg,2005,2
5F_ASUSCHFf3YotkKioZ5w,2005,2
clFehAg0EJkBuTuOb5exKw,2005,2
gZ-CewXerXlytUGV-4nFRA,2005,2
k0a5WZZ2bUmM6TkNJApo9g,2005,2
x1fQVvSceD1q7Q11O24fBA,2005,2
FYXBmAOQ6WZEV3NbnRKWFA,2005,2
HhwPTD8_6QmRbRfWvImwuQ,2005,2
56vERWd2VPTfjytCQlSc6g,2005,2
bA6sFAZTIc5ddwpnB_WJUw,2005,2
zejhY7mSVWETy51MUpLJ1g,2005,2
zg23ChWAll3vAo5OGVRPyA,2005,2
6VWXDm7k3-iPfm0cArdRdA,2005,2
GR1A-sSEgU64aU30FWJhew,2005,2
msBFTEQdSkj_Vc_VjXkTiw,2005,2
ptLc4l0wjx_q5OrOjSAhog,2005,2
K-PtK3gDicUeLXYoJmDKWw,2005,2
6-2zjWNQw117-ASTuGun4Q,2005,1
KKOM5feU4TzZmUEY24y02Q,2005,1
LZkEU9n-0XDagWrPkPzIwA,2005,1
lb1dUTdCbpXeSYEOYq5Gsg,2005,1
EU2V6NOtkDkMtbIJEeEjzw,2005,1
ctwwsl5_DSCzwPxtjzdl2A,2005,1
uZmbU9pjZxCKTnxvR-PUrw,2005,1
je5k8a3qIOM0VJE5MaxsfQ,2005,1
-y19GF01caWsYsJTDrf11w,2005,1
1xUMzfuBgoHvMEq382WVgQ,2005,1
0iXsfZQ8m7melVL8AtkUlg,2005,1
rEfGTtQXrFavj2bqYT9pBA,2005,1
tCqyfFp9aPv3KuLwRnATrg,2005,1
23J4vG9_xxxdnmi8CBX7Ng,2005,1
8-lLoii2bEEB_IDJlryyDw,2005,1
fFGPBtsutYpn3A155Sf75Q,2005,1
ARCr4CO4hHfhhTBEBHiaHw,2005,1
serHggq-_EzRisiggeEWOw,2005,1
7pmlFlxzve-GSJXF3UL0Tg,2005,1
W4Ez5lpm377893t1XhLquw,2005,1
L5aqVaJjOksmfOUm8NZcMQ,2005,1
6_OALsI2elnpdUgToWunAw,2005,1
XRYdDW2W0jN3S5ZDt6v1qA,2005,1
gjhzKWsqCIrpEd9pevbKZw,2005,1
rMg9pY7ct7WQVwElWjlSJw,2005,1
-8PTQX7URNvPZsNSPS9bNw,2005,1
6KLIUutWDNTmZ69Gr9UyMg,2005,1
nzsv-p1O8gCfP3XijfQrIw,2005,1
LFLpi-FfgDW4zpcdz3hfSQ,2005,1
Su5aBOYKcRnprCSc6pW1iw,2005,1
Rn2WEohbL7re6UWt0FETzw,2005,1
fMogiUCHUzyAzRq_OJSEwA,2005,1
ip9RhUfCdeIaiXjHjtIMyg,2005,1
64o6vJrByaGTStMvvU45JQ,2005,1
5bcULvg_jQxT8pnA3iFUMg,2005,1
aIk07jxkia9izLMKRbaHHw,2005,1
cG5l8teICW5NRtRJ0GpMww,2005,1
vetI1F4btXdQAe5G2A2ciA,2005,1
W7l29DDa3d3uqPE1f68JGQ,2005,1
0MFR6Su_osQ2h8mkNu4sPg,2005,1
4Kko5nTAOPG0z_eccm35uQ,2005,1
V1pxG6r8_zfkSpLnF7_GhA,2005,1
ExI15M-oXjHcF42-G1xv9w,2005,1
CMBYyVy2Rwb_saUkY5kZaQ,2005,1
aXd12Hf_QjEapYOgthah5Q,2005,1
To7EBxWC-Yz011V2-tdTvA,2005,1
gfQqQYI5_hCAGEHlHXIz2Q,2006,137
TDXV6AC5PYOZEyN9eeODfA,2006,107
nnImk681KaRqUVHlSfZjGQ,2006,78
3xX-Et9I4Bi4wdRPWJkAFg,2006,72
tiLm3eFfpxhwV6O9DEaneQ,2006,61
Ffa1cXIvFAy8H1sorICaiQ,2006,50
fnBAgDX4D9mNgQZsjFCoog,2006,48
6OV_PFTl9RW2FmYQoOsuRQ,2006,46
_BHTC7nyCBoZcfiiD5cOXg,2006,45
RBXVFcXR3IjP0CYgmkSmtg,2006,42
mZokz37TaR5jFgMrx4WyFw,2006,41
4PE0tDvV9Lo8VW8kDW1SFQ,2006,41
3MYdpmHeNwC6FquRWi3YOg,2006,40
fa3P8dibTRU8QG-XwVMigw,2006,36
T_4pBqf2C6JxLoBJAn2h0A,2006,35
icdFHRhFi4Lb0JmxC6Un0Q,2006,33
jTXj5uf5ER5siDnQK_y4aA,2006,31
n-lBS02-3yvlY5Q91mmwDA,2006,28
QcPN-Dee_dU2IWno-f2oYA,2006,28
26YpEJpa4uwJ60ezG9MIfQ,2006,27
2OLohmwFrl8ru4w1mUXtyw,2006,26
3W-lOOaIVQZONZP83kab6g,2006,26
HVk4LFXU_R6ShQr1bT2TKQ,2006,24
6eVhsPPKYF_zImkDSVqjhw,2006,23
UzUnpnlH1n346MDgaFMOmw,2006,23
FZQXGfmkMASFWq3JnuQZqg,2006,23
RT8Y7PxPzC7DuAjAquNjng,2006,23
2l0O1EI1m0yWjFo2zSt71w,2006,21
Ct456aEICzDfn03MHZCzsw,2006,21
BlLJmseYoL6iRKTfty5sTw,2006,21
CrJlQ1NYEIfmMz5RuUhMvA,2006,21
PifSfXxEUKOoYg-gJ4cjUQ,2006,21
mLwKdFW96yof7-6EVgLXhA,2006,20
qQecSd0lynfB4g-LPa9JCw,2006,20
gZcxXnogU1O-gPTbqqtMYw,2006,19
LyXvIE71cMeiBaPZI_Yq2w,2006,19
yeGIAyHixJrIe-zmXiePWQ,2006,19
kX7v9yOAs-BZ86zAldZC9Q,2006,18
AuXICYKDCopDrvjy72UVfw,2006,17
huHOgjAAeUr6zoV-dcbI9Q,2006,17
zg23ChWAll3vAo5OGVRPyA,2006,17
RScVO94HmC0Bfe48ernf2w,2006,17
KeuhteHe76DxDlXnkWoDwA,2006,17
jZfIQN8ivTQFdzYRtMmChQ,2006,17
0ZdhN614Q3cvy7hlXDoQqg,2006,16
kORGcgi0Iw2RG8gJl84MVA,2006,16
HQG3no8C5U31z-k1MaYCqQ,2006,16
7rK9GO6D00V6Fzvh7oUQWw,2006,16
je5k8a3qIOM0VJE5MaxsfQ,2006,16
mBV3IenBC4n_jbfu3GTHvA,2006,16
MOPr2tL7UYZxLI9SIatneQ,2006,16
EQAghmtWV39rcoOu4Z6Zqw,2006,15
FBRjdSizGuMyxQuSSwzarg,2006,15
OGa2q6LvuQLYFUG_RCcALw,2006,14
G8ceJ1sl4bTa3HpHH30Tsw,2006,14
E5MwIwYX-bJnslhVMPko3w,2006,14
TvG6JUla4qa1fJlh782Viw,2006,14
O1U20igtZ9ROL9WxHq3eng,2006,14
37xj6W1Tq_Pwx-0Az5n6ZQ,2006,14
iScFhlyUh_5UJVvcJA0PHA,2006,13
4gs09o630_X9CdmdZUUWMA,2006,13
ygX0CXmBI22wI4WslUkP-A,2006,12
nyeCMGiGArJze8TdAyax0g,2006,12
TMLVzNYs-zwwREudyvI08A,2006,12
uU-Rk1sj478gPh6Kug1wSw,2006,12
7xp_8X8QRAgHFZGs8M7FCw,2006,12
z-KkYvu4klkBOSUfgKoTJQ,2006,12
PQMja5xAcSRNUAUJjkQKrA,2006,12
xfe25SzgOvx5BUlXVg4YWg,2006,12
HDiU7ZlOUaNOoflQb1sEtA,2006,12
NjRf_3nrhBvn8ZxRWtLAPQ,2006,12
4XpPfy4-ic1tb6Yuh-BdRg,2006,12
mxBmOz00l-6CBebMg5G91g,2006,11
8GsgN-bxWdk0gHSSNGtHyg,2006,11
l_eOaEgbOxmy3K1Nbr3Apw,2006,11
KBxUsSPua9RrP6K-9wFsuA,2006,11
8Lc3-TTHjExd79GSQIHnAw,2006,11
3408fXDm6Mu4bVdLOo4F2Q,2006,11
IgYtTVyr-XOlyyMLMx9yXA,2006,10
LVcbO8YWYz9WjHLBXN6jpQ,2006,10
xvaeF_Daee7vhOSk5G9g_w,2006,10
2iSBJHVMNsolJ3AH1g_D7A,2006,10
fJF2xokaIgQsmNLuav5etQ,2006,10
CAlzkAY3BUundz-c7DCMeQ,2006,10
Gj-hR5PSqQnq6f9sxYSImA,2006,10
ddc5DGUyRy3DA9KRlOyQSA,2006,10
zAksIuco3CDwYGQiUg2wCA,2006,10
LT27AG_SfvJZjy1nda4vfw,2006,9
rIlkPMpY703msPDdoxuyog,2006,9
TQXtrSpsUyvHMriX8hvNWQ,2006,9
sZUC9GbwvDHWrHl0D_d2dA,2006,9
5-giAfQshjM4ASeD-5TI2w,2006,9
QBHfjwsZF0XUJBqdz_547Q,2006,9
lKHah9HQuDFQwhBPUget4g,2006,9
A94ivfwchCxwN4rcdoeuJQ,2006,9
yOzSBn1yMyeCE67hfBYNsQ,2006,9
0vdXVH2HlQUxE9FFFIE5DA,2006,9
Mh7oEIX2oHYAXm-HAxlfWw,2006,8
6G4Ho6jBuaSmKAOZui8zjg,2006,8
tvZKPah2u9G9dFBg5GT0eg,2006,8
cOSEvHWqoT5B4d3RcZthyw,2006,8
X5EAMkKCHTpmso9ILIFRUg,2006,8
16bmaGpCAqZB0PzjLTADWA,2006,8
OF1Dwu3fWeyNzX2ehlyM3A,2006,8
EnNSt5pVMdXeTFhWwp9PrA,2006,8
Zvq_R3uYTGkkx1ehy1T8Gw,2006,8
qjkOmSEFFEeWVTtsIl0aAw,2006,8
Yp4xG6g0Hg9OliyovpTrqA,2006,8
CXCvnCfAvkLpFRiqsp26gw,2006,8
OHrl1xyCGSFp5lGSP2-6kg,2006,8
BI4lPhrUpmEySIJUywjIjQ,2006,7
D5pHA4ImB6AFcDpi_-fHdQ,2006,7
fdwVdy6TuY1kjYeEPMZKVw,2006,7
GitE04dW0jYxH5LplUTDBA,2006,7
XsLV5Ru1Y3uzwMK7ZhTDhA,2006,7
Vdy219QdKTKmzTSy12FVnw,2006,7
h-NFrVwhhCvxdle_3pBwiQ,2006,7
_vN1zUgCxvfVFabQJw5JvA,2006,7
4ze88V1brgv5slnpZ1Q4gw,2006,7
XuNDpSsabopmPBtUf45VFQ,2006,7
-VsjDBOjtOQnM9tbjNDErQ,2006,7
rdSJ_jlij_2x5glkrEEZxg,2006,7
RlI8vfhbYeUahO875DBFIw,2006,7
dvJCIib1sZj6USjhBuvz_A,2006,7
aYDKuxI66I_eUB3-mWrjnw,2006,7
xtZMctl7AQNspIL_SF3guA,2006,7
g4CTormL_kRexS-y2a5k4g,2006,7
ppQMi14KHUY4cOQ325cL7A,2006,6
ILz8ApVEgTqbv5LnC6PyuA,2006,6
iw_6JAAw9FAIv2YkbLcMFA,2006,6
YXf5O6LPXvFQN2wjWIoo2Q,2006,6
-qoyKSF2G3PkR_7XNoJfpQ,2006,6
DecNq9BYtMwHhgdnPNGbVQ,2006,6
LXGlXvIzoxHVE1dqkih-BQ,2006,6
AIvveD8AcYnPqYE_VEn8Bw,2006,6
bJmGdFWlvfM3cp8wZ9yAkA,2006,6
h0MnH7UJkdibug51_sDsjQ,2006,6
5L0eiAkoQIVvI_XOjzhFpA,2006,6
ghCnqMBiwCggZqKOUHP91g,2006,6
sVu7dQ_isyUr1toSBBrBFg,2006,6
9agfrDKFP3QXgMZgPtWvBg,2006,6
2gZ4F2OcswR7ATlyMjB2KA,2006,6
1XM-kPp37G3cs2JJAPORhw,2006,6
x_q4Cx-pzhNi1iwCDUizHw,2006,6
1xvmDofA0MvWDSD2hJAvyw,2006,6
Mf2NAhMTiYk0DC0fZjhNMw,2006,6
3sU8YYEhYIFIY-oPS_Nlqg,2006,6
9wLtMApHLswed6DbvXscwg,2006,6
GUTSeLgsd00OhvEdXgBeeg,2006,6
B4cJvWuf59j7XlTdexnVZw,2006,6
j9OUZBtg8wSZOMojGxYhnw,2006,6
J_OSEUmc7C6yK0rLVxOH4g,2006,6
p6nBKyT9Y_pFJ1WxVEowwA,2006,6
HYQoxBC1y1DGPq6pGP09Tw,2006,5
itmb9uAolzQnmEBDlV24qQ,2006,5
IZxEqxkWOM1cFIJSFGrZTQ,2006,5
xpfHSV_yZEVjignwaQUOEg,2006,5
UHgXmu7hl-o078IW_Fp4dg,2006,5
jX52sZoojxyYV2viWNyO7A,2006,5
6bfcLLL35DpsxAxxk5ZNAQ,2006,5
SRRRQ3zbJCnncBS4gBrA0w,2006,5
FNh-DKnGyAF-n00lO2_-pQ,2006,5
DLrptiHwqa0JLYFJsp4vzg,2006,5
i7A72UOfldPmS4vMmEZmeg,2006,5
m5LY8iZqTdLoyjdhMf2YaA,2006,5
b8TPUD4OjwooNgq2qpbYHw,2006,5
MXjOTJON8gFsXcXpfNpuig,2006,5
qCNZXu0nA1m9_qQDSY9bfA,2006,5
4HdArh7ETM2WUlzxJQiBug,2006,5
HAp_qOLKgSRg9Y5f1aCOKw,2006,5
igaoaFNkX7ieMuyUBg0u5w,2006,5
zD1T8JFx3O1Rf9aNu49rpQ,2006,5
J30RQYQUApVezcRJB9iqxQ,2006,5
zejhY7mSVWETy51MUpLJ1g,2006,5
b1ms4TO5yXulttVxTP02VQ,2006,5
C1MZ_yJ3Zx6UT-bsUc5DvQ,2006,5
Bf87HcPERF9yiSjb2tQBqw,2006,5
DxqZlZTJ2TcJTyqqf5k3gQ,2006,5
elyvWgnY-oN7TfLMDt9o4Q,2006,5
gm2ag9nOkE2u0uTR5_OHiQ,2006,5
RywiEGRkea2j9IY7juD24w,2006,5
F3BPJS3f3R3IdwVR-R-u6w,2006,4
hByUtyZ0_NJRZ7SC7mC-FQ,2006,4
t89l-cYilb3cd8S76cxSCQ,2006,4
83Rj4-b-PXUUfgz5BiptWA,2006,4
NY0fXpqQw09ie7hqzdsjPw,2006,4
HH3IyvD1MpxZ-FlazroBuQ,2006,4
AeDdXhCMOV9TgiB8UarshA,2006,4
pMltyeuU4SjT6Y8YVy7HBA,2006,4
-uybOghOlhc_UHEZvkyShQ,2006,4
EZaZgbimYoBGheNZKv5snA,2006,4
PO-U11FmTDiqCEqtilFjVQ,2006,4
kmGSeElZ7uHpw-2mFrUgaA,2006,4
6WfLJ5rmFrGOsNS7cKo5Mg,2006,4
T0gWkTHWRChVUe_Dn1F8nw,2006,4
9CWr1HukCWdjW-5zTCXVIA,2006,4
6rAlqkCat6eny0qi6MyWKw,2006,4
d9tgb-9jIfnEGVq2K4i6wg,2006,4
YVUxUIae-d7qBwsdlbRI0Q,2006,4
PtKK6dxxgmI-Di3YSifgUw,2006,4
cD_hpkvErXCyQHBQzv8KYQ,2006,4
BfbGRjetw69BrnzQtt4WgA,2006,4
i6SPpQsnb1nxy1vVzGAQSA,2006,4
YKZfmqdrF10XNBIrHf7TjA,2006,4
9BJ6q2Z9ba6Pjj6v9VFLfA,2006,4
lT_wcY9BeuYBRO9jh_bQXQ,2006,4
6zZPfuZkDRzSkYY9EvVJ5A,2006,4
9PqpshAtVzFQgxUx2E81aQ,2006,4
aIk07jxkia9izLMKRbaHHw,2006,4
O4VXTUdkBcoWC5oTxyIu_Q,2006,4
_hsDviIkedAnVcDqnVZE5w,2006,4
EU2V6NOtkDkMtbIJEeEjzw,2006,4
hqSXx-zbBvnWW7akjPhZNg,2006,4
8gg0mL6yj4vOL3f6mAOEgA,2006,4
bqserI1U9OCGwBM2dBNRZg,2006,4
2csgiHeO_YdT06kRqbg9ZA,2006,4
WJnyWEe_YK7JO47fcovBVw,2006,4
T3uGZcdquapS3rakRXii3g,2006,4
JjtQ1txoSd69pSwUPsWxcA,2006,4
cDAdfpWUkpP9BB_aW4qjbA,2006,4
ONDMgVKfQ9W1IDxfUuSDmA,2006,4
XN7GVORBtwkcq4zfhIALqg,2006,4
Zr4N9sG31fybEa-l3a_46Q,2006,4
oi9hzJPnsf1BPdCn2wIClA,2006,4
IUrGaOc4Tcb-CAL7_MZXsQ,2006,4
QyykOadqEnEdeOrvGBF3FQ,2006,4
qKgy1I7PcGTh9hd5ujhPNg,2006,4
W92Wd0GE_-13ogVeKIIF7g,2006,4
hLym9La5ivWSqkDqiY4kFA,2006,4
LxfcCN_f8kyVhrtbeDpedQ,2006,4
BIrmvMEli2e5W4b5AEeJSQ,2006,4
zo4Y3qadH45LF1UVez1SuQ,2006,3
Kiyui53V3hJST4btFswtlg,2006,3
Zwco3vEZqiWSepNz4eBPEg,2006,3
38zhUVIh6t_-mpcmbWYmiw,2006,3
KleZJjX4FcArcgBDd8CjeQ,2006,3
6vQDm-sVmd0etiGQSg8hOg,2006,3
ChK39XM_3pNkYIeDv1OQhQ,2006,3
pAGSv-8vo6k6hpgqw_fIdA,2006,3
eAfHeXhARXL3uj0nEEFw-g,2006,3
CHUfgQLRN_J3TfyeIo-dIg,2006,3
NMpCKsJhV7BVgLxaEUovWA,2006,3
FAeIsKkBeXvpQpj6Zc29iQ,2006,3
pgIvQGoEeyg2QIvvwQWIgA,2006,3
kLj4VZiLIiHPQjHhGnD8BA,2006,3
-W3ZtZ11Rdq4fH2RPD-t9Q,2006,3
xX4_yL17yphneAHYIrRwqA,2006,3
NvAZqXjqOJKcIWFRPiQQbA,2006,3
KeZjKwMbqPU2qQO7oGgWLw,2006,3
CYxLwLMNxWHFAmqAJcbv4A,2006,3
M_NXkghCAIMoOhTOsuI5Bg,2006,3
Pli2_ay_Ur4QF3Vp9D0cNA,2006,3
gZC7BjgkXImxeAUScGewKA,2006,3
LHl_3FXXF-XVUEXbl6NeEA,2006,3
W5d-Nx2T2OtOECRBNUbqqA,2006,3
5CX8ilaGZ7kyv2rUxSdQCw,2006,3
_MTv8dl0KXwmadDf5553cw,2006,3
15znE0NM6nDU2oR-i5RXVA,2006,3
frrJr5Kp8ut6bvBLgphSvg,2006,3
iESPlIJCcOAcyXsTSykfhQ,2006,3
lOExMRLNEVGKz0f-zb4kCQ,2006,3
clFehAg0EJkBuTuOb5exKw,2006,3
Ty52tB-bISNlSSXiEKp55w,2006,3
oTpInzEzsg3wgvMO7IIiGA,2006,3
u9aAqhOiWIw146Qtp8RW6g,2006,3
_GK3DwcrfOkNOuN2LF_xig,2006,3
oxRXJVvo-I0ZxTl44jsdrw,2006,3
DrTmpnMmhxDs2wV7i8PyOg,2006,3
5Qtl5jsqsdmi5g1I869iaQ,2006,3
RSMOVFq_J1TZGiieKY_G8Q,2006,3
t9mXmz8cPrCXqTz6tOlveQ,2006,3
gjZp61JZaqcLrKjEDVSPIQ,2006,3
8-FzOAPGgGmfyCTyrUNw7w,2006,3
CaD1dbfZ4uB5PAQ61g6fUw,2006,3
TZ53SO335VUAeUt14E0eGQ,2006,3
Cf4TX2sjsfheqwCyRIfSCA,2006,3
qIossUhtsJ55_ciRTEqiPQ,2006,3
5hZ3j9HWf5cGFvzW2RnxUw,2006,3
6XxPf3dSlOqnVlNNrglxIg,2006,3
5pfAggYxzNZxcf00m8H2dA,2006,3
HGCKsrotMHI7Xs7IA6Ot9Q,2006,3
KJxtlZOa4NrmycpDCpDLCA,2006,3
eyjhVMPb-jzshQVJ5YB-6g,2006,3
ij3K7eQOqrQjA7n4eIBOPA,2006,3
-begf2VegZ6_KNrrsC84Zg,2006,3
KKOM5feU4TzZmUEY24y02Q,2006,3
9ifUT-5fMA95R4xKfL06fg,2006,3
XXLYEMuhpuU_nvxY0dfU7Q,2006,3
KFAHRfMI41SWzCm-MwWU_Q,2006,3
oItneMKXSEV_Dzp-RA09bw,2006,3
RuqMLvQEYbPL06152nuLJw,2006,3
XG-JynrbKiiNaqT4ffdI_w,2006,3
_AwBhlxEuWsPobVE21HrKg,2006,3
-peSWOplbo-9aPt3ZJr8QQ,2006,3
oBzZq4tFcmjL4DC0uZVUfw,2006,3
5IuSKkygRmQlVOKFFWftag,2006,3
FVk12H4Cz4DkRzl8N5-PGQ,2006,3
inULmWIakdFK6KtRyATH9g,2006,3
wZJEiUtMGlUhqHqFKXLp5g,2006,3
3fKqtjyXPctiqfEkCwA5jQ,2006,3
L3aSJ65CTbEkz0-Ep6ZJrw,2006,3
ajUxkRi-as4AG7K0x9huAA,2006,3
a4vPWTxMasORgjlkdZU9Mg,2006,3
HLNNvVX-lZztLUuzTnN73w,2006,3
PZR-d99E1nkvI5cHFmoBQA,2006,3
Gw4UiyZjER7GuyGbwSRIQw,2006,3
IS6-mfjkhu8XxaVEUkBWgA,2006,3
gjJ9VxbWjecY-xy8a8o-DQ,2006,3
P9wmvuch_JmAa0SCfo3gdQ,2006,3
U5cYBblkqLqTf18en9Er5w,2006,3
Uzqf674HpGZRFJIjfp9w5A,2006,3
hRcFm2x7ta6dVIO7iVsL7A,2006,3
uiGdtsCaIFPRSc23qbHzqQ,2006,3
_Rtt86Yw-N1Rw2A19P556w,2006,3
7s0a89q0LSM-4f6eLQ6Kig,2006,3
n5kmfK-NcAAWGB4TdFMC4Q,2006,3
UJcXryv3GnXik-dauejBdQ,2006,3
zGSnyzu6ntVm2h5yqiTOUw,2006,3
gswHttUNWDMXMKG2dkwL4g,2006,3
h_CeTdnLzqqoYrTNJha2cA,2006,3
8Dqp0ySORL1jLwcQ1YOAGg,2006,3
XKAFikZAfddYv0Vg1PUkwA,2006,3
GgnzT-zz043PW4ITu2fCQA,2006,3
Zrj6CuQRRs38siAjuBl2MA,2006,3
8v1UkvqBx7taVoh1nrepBg,2006,3
VD8Ox-akHloK3-QV3FxY-g,2006,3
UZ6YOaTiZ1lTZWKASIkVuA,2006,3
jyGe9zB1O120GAHozKfVMw,2006,3
KwIU9DBHSPeqW5MnMAwHxQ,2006,3
oy-pJ_bKzAHoJDMcYxOXJg,2006,3
VLRwkUiuU66Q5kWyAh8p6A,2006,3
V8QDJYP8dZS1kdKiXt-n8w,2006,3
meXT1jrN7dycH_akrmUjLA,2006,3
btVXpb1PpzwJnYHaLavqoQ,2006,3
WcKhdyAJd3YIRemYr6pAFA,2006,3
51oMB11zo_d1xbfMCq9U7A,2006,3
j55C5_rQlDRdRX7aeRopVA,2006,3
veoCLwTLB9pOrFnxNNRwlw,2006,2
HjthA8aKbrfSvlToSm8hAA,2006,2
mZ3uaBN_CLNeafDsxX8c-w,2006,2
bG6DkJKwhKMMQ0Z3GSOpmA,2006,2
Mlhjg_PTkyZ7FReat_COiw,2006,2
flV8auMYSN8ewCpHIbq7fQ,2006,2
YUIURN8PjHoPCAOdb6L76A,2006,2
rt3PC7WCgCKsoufmQJELfw,2006,2
2Vo3vUGZx-l8Xo3PbGlLsQ,2006,2
fyS8H0BNDv5du_X7ttUEqQ,2006,2
kFh6iqCugNZ3Qpy4xVKQvA,2006,2
GzHUGweAxqXgWX9TUNjidQ,2006,2
T7UdyHYCzRLE26TTYQZYQw,2006,2
3cWJPyZBfbzqkxfdF-8LOQ,2006,2
ruf7Q88uylmrk871HSbiiQ,2006,2
um9XhouzTg4zZC5fVwCMVw,2006,2
2GGYqUNDHJSCU3agPPB_kg,2006,2
zxF7vwh32ccSN3CbCMlalw,2006,2
X7jbSd4lZZ4VjslbHewfTw,2006,2
DGh85anKBzRwD8Orbolfsg,2006,2
3FtNztJAFIlCfG3k8Vpexg,2006,2
lys_Cp8Tv9BwrzGst9i_-g,2006,2
3fW53B_N5a_0MDnz7pYgSg,2006,2
xlACoXuuSZmb83hJcDxgSg,2006,2
7YNNVkNWtxOa_QWGXHa2IA,2006,2
FOc-fsc2oJTlqUJuJvtU6A,2006,2
SBTIBpUYDlBdTui6lk6tOA,2006,2
amnIkiZ0WHWLJvLfndH-yw,2006,2
w2o8rsUA_NkNd5AbUDO3nw,2006,2
ZGjgfSvjQK886kiTzLwfLQ,2006,2
2RvxPlh5KA2HdF8q0UVhVg,2006,2
EE8Lmen37p8TLSVxssDUBA,2006,2
XOB-BCOnNswGmssNIcjrTw,2006,2
57TLX2qUBTVNH3FeFbVxQg,2006,2
L4CXCKMj2NDsr8fd2_XmkA,2006,2
To7EBxWC-Yz011V2-tdTvA,2006,2
WwfNKaO4MOF60noA7oagRA,2006,2
DTWtZJAIPMrZJwUJV0DJmQ,2006,2
N1XLIkx6mFqyiROyJ9FzPg,2006,2
hhrUmkSUrtfuf4gVMISsLA,2006,2
vV-T6Va8RllvC00VHkYtXQ,2006,2
vgwdQ0fpDZdoTidJuwYq7w,2006,2
cs1GMqTt5eGmLqQyPijYcw,2006,2
fdHYQbYzuWv8F84M9ZyeHw,2006,2
8lsWibR0YSa8YWGRdTt5CQ,2006,2
DbBwNGBEyKOW9nK3VeX_OQ,2006,2
hWzFphZ3sdxX6XolsXC1Jg,2006,2
tECPEa3JejhblH7HDAej1g,2006,2
qOw9tRmazo8IOHIV549KyQ,2006,2
XN_mILhKW559YaIHS3VWbg,2006,2
FPlpTKPdmpMdgFL54zBKLw,2006,2
dzZ7jClZzg8tcHXcxS19dg,2006,2
m8r93MKIljjtmktJaI1JAA,2006,2
0mA4JTKkRM8ZypKbuGR-Hg,2006,2
QAGsjbo9Wfqgz_0WlAiu8g,2006,2
-mvrSK4zM7dBjdnDOmrCeQ,2006,2
ZJaT7o5UffkuSg69GX8u_g,2006,2
-VMmi-tMcMO7bR90aCg_iA,2006,2
5rg79VLNNse1kq4xf8AlXw,2006,2
qtE59RKEer5zTr-i7mSGtA,2006,2
3ywXGq4PyUoR_XXDvK_RIA,2006,2
BUXSfbOA7pVGglUIUJsntQ,2006,2
-GXIHscgMRzex4leP4yYRQ,2006,2
JlD8asiXfY1CoGy3VHFRlA,2006,2
3xhIAIzNPhFAp24U3oCB1Q,2006,2
om5ZiponkpRqUNa3pVPiRg,2006,2
d-mSKmb0c09vIdWJmEnggQ,2006,2
XwPAH7VOCICJE-gM-dNRxQ,2006,2
6h2nzPjZhuvg-d7Eq1E2jw,2006,2
x-G8HbCqwIW_fkQ5VrSYqg,2006,2
DW9yJ2z8GLNjN_y761Pcng,2006,2
_Sr6QDhet6uctw9MSB3J9A,2006,2
OfaaWFIf2UoGPwos4fcwKg,2006,2
VIsIWxUjxwm8Nydz7WoX6Q,2006,2
1p4wP0QzgdWXWYnRSR7MBw,2006,2
WDLBISMduMX8W4BgibPu9g,2006,2
6VWXDm7k3-iPfm0cArdRdA,2006,2
eT3hcLyfeVotNHK_mT0mCg,2006,2
-kuyXi1FKIpsV1CsXGQu4g,2006,2
xgb7eAAvodR9P-KxDsHc6A,2006,2
_n0vgeEXRhiC2MezhdpQ2A,2006,2
0STk5pBztm3SobREne5XeA,2006,2
A_Ey040gnR1J07HS0tyGdg,2006,2
P2fXcmsU_vrs4zB2IfsHnQ,2006,2
4E-R1FcJswNSoHAKfcaQNQ,2006,2
4t_ZO0Z6LXDPZ5mhdrJ7AQ,2006,2
eydaYzZbJ-2cLcEDA5d5hQ,2006,2
kZLlJLkl-8LhuovdnNeRdA,2006,2
JnGtgOPpkjyWOvWM0SYEXg,2006,2
sU3HYRrljZcuSl1JxTmTsA,2006,2
B6Jm_usNuuuWTYcSH7O70A,2006,2
F3nnYBk4Le9ekAVarvlmPw,2006,2
A3tEi-379Vq0e9z-SOytwQ,2006,2
ZTtOA14uP9zP3C1D4GUxBw,2006,2
cnrV83qYHYSwaV1MNlq71Q,2006,2
lz4IFRcRki06zGEhisnAGg,2006,2
472tC8QU56SNZwQM8PtT1w,2006,2
HM8mOekJ028ck9yfTpldPw,2006,2
7XvUlAuIRF9IhWAvlr5U7Q,2006,2
xl3fVHYw1oePhSw34sILmg,2006,2
BjyPiB5NjaX6PbeVaWpfaw,2006,2
fO8Jw9JY2SJUecYUhsmasg,2006,2
aRacTc0DUiqI8VhlZTIgug,2006,2
CHfHFwgLvbwVDPjgTST6cw,2006,2
-b-Wat51yDz6PoLlFXHtwA,2006,2
J3pXjuQLVOMBFjqsviy2pw,2006,2
AB7TvtHwTncep_Lmt9nLrw,2006,2
UfYZqw3E71KuL_s16_TH-Q,2006,2
gT5u8PAIaWQOYbf53t91KQ,2006,2
5aQGcCvs3FwBXOKDmF3VHw,2006,2
pzoxW-OJYS9mxnkXAtJy1g,2006,2
wfwMhwcsHCYDZOM0oIUmZA,2006,2
LgdmczjO47SjwwTrAjqJcw,2006,2
jQgKilEwkXTNIfK1qpGKAQ,2006,2
PmrFSehNLWAn8pMWtB53Lg,2006,2
fyPJy_rIwlmYmpKtEmxRIQ,2006,2
ASvjSBCYRd4GhOtSIn8Gyw,2006,2
r4MjCL3ByUUSy1NW1B1OuQ,2006,2
RieJ-CgVvw2ZEFLTPgzFoQ,2006,2
fDk5DfePfZUQjqCyxFg49w,2006,2
mQyccITA8AScIzI5Nr83OA,2006,2
m3qH3d97shbvSCtmUrpDFA,2006,2
5Us7BcHkyX7vKFbvv1a5FA,2006,2
IiSPFuhTwy6ytbcWz4-BkQ,2006,2
MDbmtpSe7msWS5PiFyKylw,2006,2
CcJQqyRIbMiGaqUNfQTkgA,2006,2
kqn_zF3KoaoHf2aUO5nWlA,2006,2
hBiXu1pnUEHPLNbP80H2pA,2006,2
L9mNqHKpuj1qMSJ2DxNiUA,2006,2
Tq3ENRLJZRUKthxquUuMzg,2006,2
ErQzO1YMf26l3JTm3u-SmQ,2006,2
LdWIjNvjdaAoAfpQhT6F9w,2006,2
LHTsHRVgnhkBwagj81kHkQ,2006,2
o6Aem2bYn4XVFTXuVs0T2Q,2006,2
r-7AYEeuEfQx6pxXlPaTvw,2006,2
m5e0kOgT_z5SWsAIuvcCpQ,2006,2
hHjw71X_garwol7s3dX5ZA,2006,2
KWC-0FbEFlUBU7YHC0DA6w,2006,2
Sl13Fnu5f0FY4Vpc5LVDyA,2006,2
cECtnYdL6BNfgeGLWOBpOw,2006,2
v6YD66ixMQ5vW9afzxxMpA,2006,2
6mMk9hO_RAbdGMEGeg3oWQ,2006,2
yfy3v_n7BWiGs6pTf58i6A,2006,2
8nmTBwsCkwCMjp4qmDJmPA,2006,2
NxcJCKeTLNVl-xRP7rpDhw,2006,2
NtllNRgTxVPTy4R2UKsblw,2006,2
k6HN0FE8NC8vV1sZuu0O4g,2006,2
j4ke3iKRCvud0rLOj0_OTA,2006,2
t4XOD_qevS6N7ZXHJD2b-w,2006,2
55a6H9khLqiwe_LVnHGCSg,2006,2
MvaS3GfNhlMRJo5Fkjqx7g,2006,1
Ff7hDUHuoFTVZGzl865cOw,2006,1
wKlaqpLpMoSPnYS69UTfig,2006,1
z25c9TyWY1TdVEGxkj34jw,2006,1
SRAtioAFkNJTrsQvhl0CMA,2006,1
-Tj4e-zW67MXj9Z7-Zkzpw,2006,1
sx64BpoAn-Q2in04Pk5Lhw,2006,1
zNfR_5_nV5HYV8O-dTkxrg,2006,1
3MG_9bIDFz67BDcYAh1aFg,2006,1
GaE6XLiyWL1gVkXiiIIqPA,2006,1
2rScoVak6bkRaBHEGppnYQ,2006,1
yPLi_dtwzBk92m8Pqmxylw,2006,1
XV3Pphcs9MqEuNTtLxTFqw,2006,1
_oV5nI6Zf_dQSYHjS7V3eg,2006,1
Fqau2I3qar-6AesW2rm7ZQ,2006,1
CNdJaOdUjLIceVxhWcMNRA,2006,1
keOrSU_LEKl-9jh9FywjFQ,2006,1
XKvbfNylF6Yq8hpwqaZrhA,2006,1
AlQoV84toovGLXHxwZiuGw,2006,1
oo-3c7bZndIYh6xKj-v4nQ,2006,1
I6xm3_cVbLPlstGDF281xg,2006,1
hk1F2dL8jG-GhL5ijhYNUw,2006,1
FUWSzHXtk8ZComI5iXh0wg,2006,1
TEtzbpgA2BFBrC0y0sCbfw,2006,1
cG5l8teICW5NRtRJ0GpMww,2006,1
O7lq34q7G18xldKeLEA3mA,2006,1
O4m2cYCJ513aUWApz13Wlw,2006,1
x8n-zH1C4eoID1ayqRFGKQ,2006,1
PAZXMutcBCQUeJxrp2u-Lw,2006,1
1S4noYXci3XxC7j4p_-n_Q,2006,1
H13ZCSpJql7MbVtefTAoVg,2006,1
0zI-DTlhntPaL5to6SLD_Q,2006,1
qe9r7hfzHbNm1amyCPqECQ,2006,1
WJDWGRBhFE8JGuIYnT5iKw,2006,1
IgkDYXTO6XP7VGi6xIOJbw,2006,1
mbZRFuNtJMh2TdESXLNbsQ,2006,1
EyLVCFOKltmlMg7XcRxU9Q,2006,1
RF-aU7UVkGViNiKjxoW5Dw,2006,1
48Bm7NtHTk8pkzYRevHTXg,2006,1
89yr7wNIk8TE03yKfTRLuQ,2006,1
qkg7aI2x3jxxS7ss9uW2sQ,2006,1
mmKC6Tophh6LoMa6Y2wmVg,2006,1
MUc55Iuunq_O-qCzf1f7tA,2006,1
RehCKViLWLzz4WAytu7hYg,2006,1
8ZJ7zoDjcOBlOwGnbyP5EQ,2006,1
lX1A5hdCzYIWDt8vDZqQuQ,2006,1
rNT1R8vH3mgTYCElrSPgew,2006,1
-o4RB5wbZvlJV7aabOVJEQ,2006,1
RqUJo6tjD8m4JEuZ37VN5g,2006,1
qSyFxa1DB5V4Lu8xzS_Psg,2006,1
Yu98_qkOrcPiKHVE6uu2gg,2006,1
Hf3328ygirIBIzlJrA_3Ag,2006,1
GUJio6t-Z0pRbdPgN_WN1g,2006,1
6mNEl0G4Vn7zlBcUAuV-cg,2006,1
Z6X8gcVu4ANyXFRdefTaxw,2006,1
LzCRz1uoWS6YPNFLcKzrGg,2006,1
06BGjDT4KMZIPzQptMmiPA,2006,1
A8DQtAfrkYbiigGL45c-ig,2006,1
owYhJ-FvYG9nmMIFS_FvdA,2006,1
i0IFcWrXESKqyLb8vGUSrw,2006,1
Q8aB9Wi0F9iEFi42P9xw7w,2006,1
rwmL8PSofMu5AkazSaV4Hw,2006,1
YxGub53X6rUqHjo6vQ0okw,2006,1
mh2B2jeRj-9P2-yakBKJHg,2006,1
9lhqQ3nrs9V48jzfVn7a1A,2006,1
uSxeEUPMW1nUJr-5jHYt6Q,2006,1
eL9CR1oxghmW8MyP5duxbw,2006,1
rAkS02Aie5d_nWI4YdQ9fg,2006,1
E9dFQ1qWXHXPSnyXBhJHZA,2006,1
BgAL7CCy38LTO6Pm58Os5A,2006,1
vFAww__vodIJ2tM27zoz3Q,2006,1
56vERWd2VPTfjytCQlSc6g,2006,1
UnuTRYwJYxYcbG0taIzW0w,2006,1
5wRCMyU9dEdkja_mO0qfeQ,2006,1
ja_jAou_u7VsRiJ63qumBw,2006,1
AhVWzMyXqHibkdr4uHo2kQ,2006,1
tNCX-W8WTULG5f1ADW_9BQ,2006,1
5IAzQyvfyxNKKPTDBlO3Kg,2006,1
VveQW3yKqgi8gAjwKzUVBg,2006,1
2Bso1ZL-nFEoaGyhjPVAAA,2006,1
gbgO-yfMpOtqJu2U1mFMsA,2006,1
SvuypGpYDS00oAsElc4m8g,2006,1
iqnuEIVEAHVyqp3-szgKBA,2006,1
4HSZulJVrwIzgKyYhphecw,2006,1
PdpWp_j67Nfr_oQF-4yKUw,2006,1
fFGPBtsutYpn3A155Sf75Q,2006,1
bzXqtn2tL1BvIpYHNcZfjA,2006,1
A7HeR0ayUl1nSh3cIgAxEA,2006,1
CZUbIc3MDkQykVCxH1BWLg,2006,1
ExI15M-oXjHcF42-G1xv9w,2006,1
g2YnG8VUb9opaWF6fx6viQ,2006,1
Y5a5Wxj-I3Zu-lmrZtyflQ,2006,1
YeS72RYFOUITiMVnFuG22A,2006,1
gxRw9c2lvijXBNhKU5i7_g,2006,1
yPmlM7fxm6H4u3kFdvdHbw,2006,1
WWPt9Jmt6Nm6RJykVvrThg,2006,1
Z9WdDFTmHLiN3QN-dvKLmQ,2006,1
LPTq2-fZ9_TsG5o8lAWCGg,2006,1
o-55uIudvifmihhf_G_daw,2006,1
8VmxAELPm0CKpKrZnS6NKg,2006,1
a4WKfA2so4xO7wyHpPwHww,2006,1
dR7I5WnpsFFRT7dB9TTXCw,2006,1
EUN5eU5OH3837QZZYMSHxA,2006,1
PNa2-EjHe_ApIgZXD6kxBg,2006,1
1w5bmM1qsFdQ6NbAU6ZDjQ,2006,1
cgLOKNqMjzfTjy0feTPeCw,2006,1
5F_ASUSCHFf3YotkKioZ5w,2006,1
zuB-N9g3HgWt5qhDO_0oBg,2006,1
TmNpdjltWyobQI9iFnlYtg,2006,1
pJtb87hFnwTNYJ-cW3Ad6Q,2006,1
pRxPH121F-D2oj3PjgeD_Q,2006,1
gFn0pKyMCB1Z3fBGghoppw,2006,1
_W4y7ku6Q0uGoiI3ePtkgQ,2006,1
2rOOcv40k0K-Yjjjgo_ntw,2006,1
-YExAkxY9AX6nkAYjEL7YA,2006,1
dUFdPiOJST9RfjJaY-2X1w,2006,1
b5xky1NsvoaUK4ScJT695g,2006,1
VQxZA1Va8MBVpI3fw3nsqg,2006,1
y2Bz9s0o58_7pVbQe0O2KA,2006,1
eXOJ-ebVVX3ZbOOzcvpjzQ,2006,1
B7ecAeAIrXg7sgmabS38pg,2006,1
FeWKX0KT1xvOHc77XqDTNg,2006,1
uBQIboVaOfJ_BXn34_JKCA,2006,1
J7fmfD8q5v64eAmHE4dI6w,2006,1
ospduHDy9IPFYD1UBwaJIw,2006,1
Wityd7LCvfxHq1403IORgA,2006,1
8c8gMVeP_OkmL1PgSVpdig,2006,1
UThTaiupuP40C7UUxarX_A,2006,1
jJnjdbYxN58dbN6G2XHBPw,2006,1
Pr2OQJByo3uBj-i5idk7iA,2006,1
4LcAmELw7wGIjvJo07bHwQ,2006,1
Izf-c9_nvp-nphi2VyFgdw,2006,1
bOzJQporJVk5LWy6KG83Bg,2006,1
dNQk6gypFkFKKH0_ZJpg5g,2006,1
DOFamdMaC_hjn9zg3Gs-0w,2006,1
2xrNYIsoN40psqwaoRYmmg,2006,1
US4XWHCxjPA07Q_MESq0cQ,2006,1
I9v7jlsljI9NLnrsqIO4qQ,2006,1
C-SWo2QD6OeFMuk3BQUS4A,2006,1
GB3qwSzhx2d8DmDSImBWdg,2006,1
4b6saCX_1wl4cXZgmzMg8g,2006,1
up5eHa2OdoK5pr-HZ0vLmA,2006,1
1h_UV-EwzmqZIB8uErf8ow,2006,1
-DZNjv4zH245zonFJInraA,2006,1
sGYxdF8Fabu1HM8EOqA_Mw,2006,1
DirLbUr0j_5w5PJZoa0Fsg,2006,1
zWLhTbc_Q0R2800Q5EPSKw,2006,1
YI-YOiFsXlpba3N7wCYUkQ,2006,1
edvxFqaTuqVdstoMHh0z2A,2006,1
hJIkUEh3gEB3ICQwzRe1UQ,2006,1
ibBA6fBW6YC9L5PivJSt-Q,2006,1
ecH7F0j1sM_UOD__4K8nrg,2006,1
WlbmAfzCG_CI9s3cDuBtJg,2006,1
19MQQFLbpI5z6PYhHrG2mg,2006,1
jNBvfr_PDR_NxKf8OgurqQ,2006,1
hPek1QkY8JNocXRamUbKnQ,2006,1
ALTC6uE88peHF9Zwf5w3mg,2006,1
__05rytNjsye9MBhqB0DMA,2006,1
IA3no4scPDMk_1goKmAKfw,2006,1
v3Aeeo4vjAIPrjqFpYKTpw,2006,1
5xpFb_4kgEWhV993tH_J6A,2006,1
OQ43vZBLLrdJAIm_nRbdsg,2006,1
d4mhNpYgIauzGjlTehBSjw,2006,1
WJnEifJRkI6bCH2iw8brFg,2006,1
PhAt76Bw5kVdEFfozawNtQ,2006,1
1z5LVnZhXrWgsQgMDpIIzw,2006,1
GIDenv52C2MWnOahI5ZjMw,2006,1
HFfOJElAMRT17IfVG0y5iw,2006,1
QYgmpmgfQfD1WypU3UNAQw,2006,1
1m0JBs3MEsoi2t14NoVerw,2006,1
zY8D8o275ZTzCgGANelbcw,2006,1
I9nz8t9uzQ_O6-mzEmQutg,2006,1
FiPLqLSS2O7xp4W1z4H9Og,2006,1
J6vBE0sjns8aAnQuYGpsPg,2006,1
kV7kmmBw_8IPLyI5M6wgTw,2006,1
PVHshHBXTkZmtfW4t_GwEw,2006,1
wpr6gw4FnptTrk1CeT8POg,2006,1
M0IMwwpOp3XDR9Iku9LQrg,2006,1
htNJd96co9ilFdAihAglzg,2006,1
LgaN_dXrlhCTqbnXMByHlg,2006,1
QUfz6Tr1L6b5kAvEjHugmQ,2006,1
WBmqTb2IrJu9_nIWgZu21g,2006,1
3T4Flud8Y9mNRkVai1oAuA,2006,1
Wt6eQxdZVDpfCfSBc9SSeA,2006,1
JwkJ3WVtRtVowHEXskNf9g,2006,1
Agbv8YDkOE7V_ZfJseLVOA,2006,1
p-4aJyjAmbYY8DPKYQkCKA,2006,1
WqFO9ApUbeThw5jpTfNfPg,2006,1
rK8kLDiaKoIexHy3JzcVCA,2006,1
6zbzFl8u36bHu6MYdzKtuw,2006,1
xpWkEiXdYqfkT7ltLuUZAw,2006,1
ypk49oQdoZHMX41ftztGKg,2006,1
pxDL6EULUkNIoBru6CnSvA,2006,1
hX5D5lXijHFcm4WGtaRKng,2006,1
UQFE3BT1rsIYrcDvu_XVow,2006,1
YWsNUeQf3Rox26wC1rs1Yw,2006,1
wms_LD2jcrIyhMQmQjOpgA,2006,1
iOEN7M84hc4Hhs2269WFvQ,2006,1
fRG9dGiwjRQ9GdBrBcqUYg,2006,1
WPRuJp0BhNdlgYXKZewpDg,2006,1
DH7ABAMHvl6IQfJ_yK7x5Q,2006,1
yNPvrikxgqTSL65aLne_Pg,2006,1
vQ8xbwx3bqcVrCdAx-tD9g,2006,1
4ll-oTtXQ_ISmxqGYLvX8w,2006,1
Ldue9HK9On2kXZs8-mP7ug,2006,1
Ncikjx2TmNWh9Ct_eTSb7A,2006,1
18-QJzZyXNl5lKP2xzVWFQ,2006,1
j3clfioIsIoL8eeaxO1FRw,2006,1
veJj_EUX0ARV-hReTi2Smw,2006,1
umosZNYFQ5ObC8xEHHODIQ,2006,1
NjMMTAlK4rRa4qrygnYfFg,2006,1
2wAFt8nu4Dm_5arpZfyAJA,2006,1
xSHohIT29THBiZ14G9cu1g,2006,1
7UN0GtEVQ3qkw9runiTDpA,2006,1
yevQjePenGCg-K_V8fpOwg,2006,1
Vnja4xoPVQ7BLXIsVy_cFw,2006,1
Hc5Q5rmByOU6gdGkr8TLBg,2006,1
XqmISkEvoUQ0ECK-qFQ1Kw,2006,1
lXn75G7W2l32Seh603rQrg,2006,1
yNcSC0LCO2mLN3bWV1g5Gg,2006,1
ZNJiYLz_6udX3ljXPZ9FJg,2006,1
cOl6u3PosSzShtpQt3nwFQ,2006,1
3eHEFNrxz6m3tI3sTVBcIQ,2006,1
IWzCoFNH-hQKreb4LB9mgw,2006,1
YvIy-WL-qtl-H3yY1rDVJA,2006,1
34Al3p8NZfjLU_iPauoWsA,2006,1
41F78JOx5smLVQTtLKPobA,2006,1
aWySRV-RjlKX22HhB7_qBQ,2006,1
9oa-ZMpWI42A_NH4LroCAw,2006,1
-LZuNEYabbUGmuzHDIa5GQ,2006,1
PiOIIjs22gyjOPp2NWybSg,2006,1
DA013gKEqNa8LRx2poYeAQ,2006,1
8_1Z8sSz2VZI-frqFrh4BA,2006,1
0V4Ra6jCmSAgFtCiORr4QA,2006,1
9-e6IZC7lv7zWVGr0kDBfw,2006,1
CiNybPWx4BPl-Dpg95bsKg,2006,1
fvWKKvBwf3nkiibzYZJlsw,2006,1
RJqgJPYvGib7R754EhB9gw,2006,1
AmW6MVrZ9PjG0V5vbIpIkg,2006,1
0DpCybqPb2lLa_YFX4iNmQ,2006,1
45n8vSGBOGCfsk-jN4eLFg,2006,1
goE-jPN6j28zTeYHrd7Ntg,2006,1
yXG44jjAwTCPWFP0s4RuTA,2006,1
7X0gIix_aMonwdNgF0YuHg,2006,1
xl_gcUNGJGfDHOj36bHx0g,2006,1
F7vgCzNV-cSGvTn4szQDuQ,2006,1
z5-4xNqAIbI_RM831D2OOQ,2006,1
_H4Ph8YMFUiJtPP1pB12Qw,2006,1
GkKlfPzQev65YGypEYQ79Q,2006,1
6a-782Y5FXqJ7KGmQtJsSQ,2006,1
EsAG-AIdY0vW43yFYcdknQ,2006,1
KVQTyDkfvmODZlSP_YNL5Q,2006,1
AmzUpWrgJpc-qxcVijYb2g,2006,1
1BSPeDwTLNHWwf4qka2m_Q,2006,1
-SuJ4fQMyOb4Cr_t4MJuTw,2006,1
_oqOCBkVGSC8FcwqUWsycQ,2006,1
iVJ9zHL3PUbkJvyYqZ09vw,2006,1
j4WWYCnWZ7CJYJHrFctNvg,2006,1
beTVdIu7UGlPE2De4_zs6A,2006,1
YE_Pho9VGkH7b33PFmRDzg,2006,1
DiDEJ_RzN_olHj8z-72CXA,2006,1
s9m1lSJyedtZRJSuQBE5HA,2006,1
8BpJUrRCezI98_gKZWFZmQ,2006,1
-eVlHbM2KRZQnBqfTXtDvw,2006,1
4CjNnIkWUGVUyFCkMt2ZJQ,2006,1
iYYsZ78iPk6H6Q5xukPoXw,2006,1
_vSA8Ps9s_npHOAk99p4MA,2006,1
JRHxiuYpY7wk-tVbVcfIjg,2006,1
idGmdtq5qyDCmCoAXS34OQ,2006,1
uKprY5zjYtPTya8mYK4N-Q,2006,1
1m4Hmm7IbgGjVupM7CQSMw,2006,1
wPX50W9GDXzegMyaE93z2A,2006,1
P0z96gPph_NKJ8mJG6MYFQ,2006,1
oCt5AH4jl7_kzLb-d3Nmhg,2006,1
o2UkwgSKx8i-YtUtDD5vNg,2006,1
zR2iAdGWaqN2dq4O-jBZBA,2006,1
hOf8XrDimMkpDRy9KZtv5g,2006,1
v5Impu6D7UEVN4OVYnBOxQ,2006,1
TREHfP-7NHyw4GRnjLgytw,2006,1
RadFTkw0aERI-H5eYBQvHw,2006,1
Dd6ElS2Cng3Qag_h4IQC-Q,2006,1
yolPOvWavn1K1zu4WhzJfg,2006,1
K_10Pp3LkK9r6AR75hjvwA,2006,1
nQ9X_ceimFxg4wNafc3mHQ,2006,1
uLDSr_GPrENThdG9D1u6Vg,2006,1
P6qSP8O_4BrS68x8fX2PBA,2006,1
4IcEOf7_eOWZGmb9EkkzDw,2006,1
trNrakI3oDc-AJt2a4EEVA,2006,1
NNl4k5znKAz66NQnGclLMA,2006,1
GqPN5hvqv7Nx2sxfEwZKmA,2006,1
2FLKPWJiM_Zo0Ar68chxQQ,2006,1
zO1yvN24JWpKENtPenzsjg,2006,1
wdOHjBJXbyzlBzOhILsD9w,2006,1
O-8thbWdkvatHlHyUp_HXQ,2006,1
YoAX2wUwKFjhCKdYC5sS1Q,2006,1
C8BQYgLbpRyf9ENtVAujLQ,2006,1
iXmXJG-Hgi7FhLWk8DjDVw,2006,1
l1roN8At0I31zYbQk_cTFA,2006,1
c0mGQqHvZSvWXW-TeWrHwQ,2006,1
XsPZLT3z_i-weoYUhE7TQQ,2006,1
fVxW-65UxxdY0tBBBxBMbw,2006,1
1lBfVyiZoGVCjpG19T1_ow,2006,1
84_dntKzc1B3E_TfBeakpg,2006,1
FxwaUqRHxCVytN6czBNAYg,2006,1
Dh6oAnjvMugn0sRPcbZ3dw,2006,1
33IZrNNgJ0y6-tJwm2ZoCQ,2006,1
a5mGcINiWEfGQuKyhQhRxg,2006,1
OVThXsI4txFUqW5T-W7Q4w,2006,1
B0QGBVCUm54vs_waVzcScA,2006,1
4HziAeBVVljDQSjpMm9nHw,2006,1
8hvXl0oJmU61l17LG9aDag,2006,1
J_rirNmdQkNOnXRgeCXghw,2006,1
wMQkntJi_EOhyoZINt0BXA,2006,1
sKE6F-SA7b6kPV0LuzBfWg,2006,1
Tvx_0sVkHK05ZuNx4nt1ng,2006,1
9vEscSSm_ZiI8-sUKihv5A,2006,1
usXvQvbWPcqCEnLJrloVRA,2006,1
Ko7IzO_ujpHowQjhzuFx6w,2006,1
5TPIiqBAmqZt6gp4t8p-ug,2006,1
O7OLR9n8MvPeJJtWXLJLLg,2006,1
wd4bm2xkpS58kCOYpfzNRg,2006,1
xQp2-0pto8qZKYMzVrzkEA,2006,1
xFbvPljRiYopjLF6G37Xfw,2006,1
5AY10BcvN2ewzbBb_AWVjw,2006,1
btOcxcY-vopnn7PzQzvLiQ,2006,1
ps1Npz3KirdZkpjk8wzd-A,2006,1
NF5E21qvM0E3GhyVZ90lqA,2006,1
ck9U4D34A-GdxqPx2kinLQ,2006,1
s04IpjH4-ezcKh3cm72BIQ,2006,1
VQ-RXIZCH-7eRG8jSMmr9w,2006,1
hxW-0PxbPvk0XDpcHO-A8Q,2006,1
S5MJPV8-ayKYT5VzDkpALQ,2006,1
gj4nZ0hG3WOtvMz2D8YUeQ,2006,1
s-4lus5erofUCJGR85BDog,2006,1
64o6vJrByaGTStMvvU45JQ,2006,1
Zsq74nsRcudX1LC6yv8JVQ,2006,1
07F3nl0jROXvd0RWnIB76g,2006,1
1k6dVLySyEQP-YTNkja7qw,2006,1
AKXqbuifvfvNEpr3Qs51hQ,2006,1
_cz2O9JukT1I2GuYVAA5Zg,2006,1
wx6EVKkwO7392nCjgta4Ag,2006,1
ltQJkGtA1QMYn8a9HEWUjA,2006,1
Qn7xmUR41LUfnvuVxruJsw,2006,1
CUjwFvpy5R2Hjgf02Nd_Bw,2006,1
vnMbt6nfO7-Fd3ESlT2fpw,2006,1
B9DkHN8u90EHRhoByKxNqw,2006,1
jx7UAf9PWxf0DRWUoemTVQ,2006,1
R9_pyS6iN6oqXCM0AkJ5eg,2006,1
6v7kbVe-1E7qoouxPMhnQQ,2006,1
s3kRi7b8t2sdtYcsMbqlJA,2006,1
YLAS62rxqNGZeLVpY9y-jw,2006,1
d_j-sQTDTn2goy7qRikT_A,2006,1
s3D3oghMaX10JpvpAQIHig,2006,1
R4XtTk6biwVYEsRd3B3laA,2006,1
H5AyD3UoMZSYfZmXFSoyCw,2006,1
NDvLSbMK4YYnEeuHsaMhvg,2006,1
aAMbdEgSzj7k5UmGQu9fYg,2006,1
HshIhF76Uea0-2ht_KUisw,2006,1
oCiZPIXZQwIatPswTJ5qlg,2006,1
NQysyhps0a7MTytWCJiS3g,2006,1
iHLyabFzw3U_kH6oednrIw,2006,1
pcTYfXQvsFlaKnlD_0wE_g,2006,1
77yYWUD7hvvrHIXiGSR8yA,2006,1
q6OaHN1brGZbB8EnDZQyGA,2006,1
JdUeGw29Z0JIbOwcVCPSzA,2006,1
oTno7XAOiLDdAG_RMhhawQ,2006,1
kx78OXBjcgLUdTxHh_uRjw,2006,1
A5sEtzjzUWBVcr3w_pY2Mw,2006,1
PjzTPmdrjbsoDYjYf3_u7w,2006,1
47jYU6CunkW--4S9vYqyYg,2006,1
0yYCMhDWCEIVUyZLzDWwqQ,2007,316
5aVByErCyBwi-cnx_iEJmg,2007,305
6O0MxTs3Pzzj5cXSHgYmrw,2007,264
bJ5FtCtZX3ZZacz2_2PJjA,2007,263
RdJ7Ykelg8w4y5FTmxjT8g,2007,228
TLcUXi2bn6v4hdB8X-M73w,2007,218
rjD5JDrDndu0vZvUhnnA7g,2007,198
kS1MQHYwIfD0462PE61IBw,2007,175
gpqGjIHlvUKDTttna4wcZQ,2007,172
6s-g2vFu12OemhiK3FJuOQ,2007,144
JM2PVRrNAXTtHVT5Nbo3jg,2007,120
4U4vN1wDwgaSUBmV7dTzqw,2007,109
gfQqQYI5_hCAGEHlHXIz2Q,2007,107
x-t7rHvsXsDvFlZgXB8lWQ,2007,101
T6zcfyO8eR2Py9V_bK_K4w,2007,87
wBKALvzEZM1ZxpkWeDjmsA,2007,83
1eqy55tfazEXqDvGq2LDFw,2007,65
