city,rank,name,stars,review_count,checkin_count,combined_score
AVON,1,Jack's Donuts - Avon,3.5,24,37,0.2811642462538282
Abington,1,2 Fat Dogs,5.0,85,26,0.4035190360796286
Abington,2,Arte Salon,5.0,52,20,0.40217637675339785
Abington,3,Tom & Sons Auto Repair,5.0,49,4,0.40196540220057386
Abington,4,The Junkluggers of Philadelphia & Montgomery County,5.0,40,0,0.401585623678647
Abington,5,Emoji Sushi & Teriyaki,5.0,13,3,0.4005325875912338
Abington Township,1,Iron Hill Brewery & Restaurant,4.0,223,347,0.33083624660802713
Abington Township,2,TerraVida Holistic Centers,4.0,21,7,0.3208727255211946
Affton,1,Sushi Hana,4.5,141,75,0.3660208208590685
Affton,2,Federhofer's Bakery,4.5,71,159,0.3637292565002949
Affton,3,SharpShooter Pit and Grill,4.5,59,105,0.36294289127457746
Affton,4,Sedara Sweets & Ice Cream,4.5,60,37,0.3625913075646105
Affton,5,Ambrosia Restaurant & Bar,4.5,44,112,0.3623885554849897
Afton,1,9 Mile Garden,4.0,50,96,0.3225343462598614
Aldan,1,Bernie's Pretzel Bakery,4.5,33,66,0.3616878572397012
Aldan,2,Pines Cafe,4.5,16,33,0.3608241083238676
Aldan,3,Penn Pines Diner,3.5,48,38,0.2821213737595742
Aldan,4,JT Brewski's Pub,3.5,23,37,0.28112460566186204
Aldan,5,Value Thrift Shop,3.5,18,24,0.2808516098207793
Algiers,1,Domino's Pizza,1.5,28,14,0.1211904827548626
Alloway,1,Alloway Village Inn,3.5,13,28,0.28067642005517973
Almonesson,1,Auletto Caterers,4.0,16,38,0.32085287481665675
Alton,1,Beall Mansion An Elegant Bed & Breakfast,5.0,40,13,0.40166041655989887
Alton,2,Shake Rattle & Roll Drive In,5.0,13,3,0.4005325875912338
Alton,3,Maeva's,4.5,75,88,0.36347933467055293
Alton,4,The Brown Bag Bistro,4.5,70,46,0.3630394931712928
Alton,5,Mini Corral Hamburgers,4.5,60,75,0.36280993290980845
Ambler,1,Ambler Theater,5.0,74,277,0.40452706750601847
Ambler,2,Advanced Chiropractic & Wellness Center,5.0,24,18,0.4010549335812293
Ambler,3,Total Performance Automotive,5.0,22,5,0.40090085951604504
Ambler,4,Ambler Beverage Exchange,5.0,20,18,0.4008963712133646
Ambler,5,Ambler Dental Care,5.0,16,18,0.4007378088454999
Andalusia,1,Chi Auto Repair,4.5,39,36,0.361753101834763
Antioch,1,Shineworthy Tea,5.0,18,40,0.40094366259770475
Antioch,2,Get your Grub on,5.0,22,8,0.40091811941171857
Antioch,3,Mr & Mrs Empanada,5.0,13,39,0.400739706339316
Antioch,4,HMC Contracting,5.0,18,0,0.40071353065539117
Antioch,5,Bikini Beach Bar,5.0,12,23,0.4006080129704244
Apollo Beach,1,Zuzack Lawn Services,5.0,31,2,0.4012403649480671
Apollo Beach,2,Faith Latin Cuisine,5.0,17,37,0.400886762110065
Apollo Beach,3,Pinch A Penny Pool Patio Spa,5.0,14,54,0.40086564640964983
Apollo Beach,4,The Mullet Shack,5.0,11,15,0.40052234598999553
Apollo Beach,5,Manatee Viewing Center,4.5,212,476,0.3711423756103605
Arabi,1,St Bernard Indoor Shooting Center,5.0,66,167,0.4035770799289267
Arabi,2,40 Arpent Brewing,5.0,16,28,0.40079534183107834
Arabi,3,Fry and Pie,4.5,175,204,0.3681107764998797
Arabi,4,Stella Maris Restaurant & Hookah Lounge,4.5,78,97,0.3636500361334721
Arabi,5,The Kitchen Table Cafe,4.5,53,37,0.3623138234208473
Arden,1,Oddporium,4.5,11,8,0.3604820729000907
Ardmore,1,Sesami,5.0,78,53,0.4033968909969271
Ardmore,2,Elegant Brow Bar,5.0,52,30,0.40223390973897627
Ardmore,3,Autana Authentic Venezuelan Food,5.0,53,23,0.4022332772410375
Ardmore,4,Pala'a Latin American Seafood,5.0,52,19,0.40217062345484
Ardmore,5,Parlour Ice Cream,5.0,31,59,0.40156830296586393
Arizona,1,Dream Dance,5.0,11,8,0.4004820729000907
Arnold,1,Arnold Smiles,5.0,24,11,0.40101466049132445
Arnold,2,STL Beds,5.0,21,4,0.40085546562552105
Arnold,3,K9 Packleader,5.0,13,0,0.40051532769556025
Arnold,4,Julie's Little Kitchen,5.0,12,2,0.4004871937007098
Arnold,5,Five Star Auto Body,5.0,12,0,0.4004756871035941
Ashland,1,Don Pancho Mexican Restaurant-Ashland City,3.0,27,38,0.2412889213282846
Ashland City,1,Sheyegirl Coffee,5.0,13,19,0.4006246403681592
Ashland City,2,Laredo's Burrito and Taco Shop,5.0,14,5,0.40058373478031567
Ashland City,3,Marrowbone Creek Brewing,5.0,11,10,0.4004935794972064
Ashland City,4,Cody's Diner,4.5,36,20,0.3615421272819391
Ashland City,5,Mama D's,4.5,13,6,0.3605498474869073
Aston,1,Five Paws of Delaware County,5.0,19,0,0.4007531712473573
Aston,2,Innovative Muscle Therapy & Pain Center,5.0,15,0,0.4005946088794926
Aston,3,Big Bad Wolf Barbeque,4.5,117,85,0.3651269796374587
Aston,4,Taste Budz Cafe,4.5,78,85,0.36358099655077797
Aston,5,2SP Brewing Company,4.5,40,152,0.36246012505943864
Atco,1,Amalthea Cellars Farm Winery,4.5,53,69,0.3624979289746982
Atco,2,Tech To Trade Computer Repair & Trading Post,4.5,12,3,0.36049294699926765
Atco,3,Fabios Pizza,4.0,21,8,0.32087847881975246
Atco,4,Atco Brewing Company,4.0,17,26,0.32082347582592885
Atco,5,China Max,4.0,17,5,0.3207026565562142
Audubon,1,Desserts by Design,5.0,46,41,0.4020593524713154
Audubon,2,"Cousin’s Deli, Grill & Catering",5.0,13,3,0.4005325875912338
Audubon,3,SoulBeat Spin And Barre Studio,5.0,12,7,0.400515960193499
Audubon,4,Zwahlen's Ice Cream & Chocolate,4.5,189,641,0.37117993625718215
Audubon,5,Smoke BBQ,4.5,140,80,0.36600994675989146
Audubon ,1,LesbiVeggies,4.5,52,5,0.3620900772750303
Avon,1,Danny's Mexican Ice Cream,5.0,85,73,0.40378944111184706
Avon,2,Seerat Kaur - Stiching House,5.0,46,8,0.4018694936189067
Avon,3,Trimz On a Whim,5.0,34,54,0.4016584582489733
Avon,4,Rise’n Roll Bakery,5.0,24,25,0.4010952066711342
Avon,5,Discount Tire,5.0,22,15,0.4009583925016234
Avondale,1,Be Here Brewing Company,4.5,18,14,0.3607940768352009
Avondale,2,Earl's Sub Shop,4.5,15,21,0.36071542814920726
Avondale,3,Sake Hana,4.0,90,172,0.32455722062890413
Avondale,4,NOLA Motorsports Park,4.0,55,199,0.32332513897114973
Avondale,5,Va La Vineyards,4.0,65,110,0.3232095013191637
BOISE AP,1,Thrifty Car Rental,2.0,17,18,0.16077744943746608
BRANDON,1,IHOP,2.5,54,114,0.20279646800176712
Bala Cynwyd,1,MdM Locksmith,5.0,49,1,0.40194814230490034
Bala Cynwyd,2,EcoLandscapes Design,5.0,34,0,0.4013477801268499
Bala Cynwyd,3,Bossy Brows,5.0,21,1,0.4008382057298475
Bala Cynwyd,4,Ultimate Health and Chiropractic Center,5.0,17,9,0.40072566975044555
Bala Cynwyd,5,Berri Healthy,5.0,14,0,0.40055496828752646
Ballwin,1,Barrett Station Veterinary Clinic,5.0,24,22,0.40107794677546066
Ballwin,2,Dent Devil Ballwin,5.0,24,3,0.4009686341028617
Ballwin,3,Off The Leash Dog Grooming,5.0,16,8,0.40068027585992155
Ballwin,4,Novak Jewelers,5.0,14,7,0.40059524137743135
Ballwin,5,Monsoon Vietnamese Bistro,4.5,180,440,0.36966675791936077
Balm,1,Goodson Farms,4.5,104,144,0.36495109655681096
Bargersville,1,Roku Sushi & Pho,4.0,71,34,0.3230100941805649
Bargersville,2,The Sycamore at Mallow Run,4.0,15,23,0.32072693474632297
Barnhart,1,Karsch's village market,2.0,20,8,0.16083883822778622
Barrington,1,Sushi House,4.5,60,71,0.3627869197155771
Barrington,2,Royal Fitness,4.5,18,247,0.36213459539917764
Barrington,3,The Kaffee Korner,4.5,36,49,0.36170897294011645
Barrington,4,Timeout Entertainment and Grill,4.5,25,25,0.36113484726310036
Barrington,5,Little Jalapeno,4.5,19,1,0.3607589245459152
Bayonet Point,1,Ollie's Bargain Outlet,4.0,13,8,0.32056135408402303
Bayonet Point,2,Denny's,3.0,38,42,0.24174798103414386
Bayonet Point,3,Tires Plus,2.0,12,2,0.1604871937007098
Bear,1,Tai Chi Spa,3.5,13,5,0.2805440941883494
Bear,2,Animal Veterinary Center,3.5,11,1,0.28044179981018574
Bear,3,Delaware Moving & Storage,1.5,21,0,0.12083245243128964
Beaumont,1,Chartier,4.5,169,70,0.3671019909413321
Beaumont,2,Maina's Donair,4.0,12,10,0.32053322008917257
Beech Grove,1,Katsumi's Teaching Kitchen,5.0,21,15,0.40091875190965726
Beech Grove,2,Our Backyard Flower Shop,5.0,11,1,0.4004417998101858
Beech Grove,3,Rustic Root,4.5,28,35,0.3613113020245773
Beech Grove,4,Victory Rolls and Baked Goods,4.5,26,17,0.3611284614666038
Beech Grove,5,El Morral Mexican Restaurant,4.5,23,15,0.36099803309358963
"Beech Grove,",1,Rosebud Flowers & Gifts Indianapolis,4.5,11,1,0.3604417998101858
Bel Ridge,1,QuikTrip,3.5,16,139,0.2814339579709985
Bellair,1,Stefanec's South Barber Shop,4.5,11,23,0.3605683723784583
Belle Chase,1,Domino's Pizza,3.5,13,22,0.2806419002638327
Belle Chase,2,PJ's Coffee,3.0,25,125,0.24171017711888432
Belle Chasse,1,Take 5 Oil Change,5.0,16,29,0.4008010951296362
Belle Chasse,2,We Blend Cafe,5.0,13,4,0.4005383408897916
Belle Chasse,3,La23 Bbq,4.5,144,220,0.36697397092585377
Belle Chasse,4,Dairy Dip,4.5,34,95,0.3618943434898447
Belle Chasse,5,Tranquil Salon & Spa,4.5,23,76,0.3613489843056179
Belle Meade,1,Sam's Place - Belle Meade,4.0,119,170,0.32569529119880747
Belle Meade,2,37 Degrees Sth,4.0,62,91,0.32298126687066625
Belle Meade,3,The Wine Chap,4.0,20,70,0.3211955427383723
Belle Meade,4,Office Depot,2.5,16,63,0.20099670728060268
Belleair,1,Kate Yoga,5.0,20,12,0.4008618514220175
Belleair,2,Belleview Inn,4.5,11,3,0.3604533064073015
Belleair Beach,1,Belleair Beach,4.5,20,501,0.36367521441680123
Belleair Beach,2,Belleair Beach Resort Motel,3.5,18,22,0.2808401032236636
Belleair Beach,3,Belleair Beach Club,3.5,12,51,0.2807691053300439
Belleair Blf,1,Bluffs Animal Hospital,4.0,17,2,0.3206853966605407
Belleair Blf,2,Le Bouchon,3.5,15,9,0.28064638856651314
Belleair Blf,3,Cody's Original Roadhouse,2.5,160,385,0.20855751465935607
Belleair Bluffs,1,William Dean Chocolates,4.5,123,208,0.36607247891187006
Belleair Bluffs,2,Belleair Coffee Company,4.5,94,164,0.3646697566083061
Belleair Bluffs,3,Chez Colette,4.5,61,62,0.36277478062052265
Belleair Bluffs,4,Astoria Pastry Shop,4.5,49,78,0.362391146293854
Belleair Bluffs,5,Jewel Cafe & Tea Room,4.5,36,94,0.36196787137521924
Belleville,1,Balance Coffee and Tea,5.0,69,91,0.40325875101442943
Belleville,2,Grappa Growlers,5.0,11,21,0.4005568657813426
Belleville,3,C And C Food For Your Soul,5.0,12,6,0.40051020689494116
Belleville,4,BEAST Craft BBQ,4.5,583,496,0.3859641012009677
Belleville,5,Casa Maria Mexican Grill,4.5,161,122,0.3670840377306104
Bellevue,1,Red Spirits & Wine,4.5,62,316,0.3642757590461802
Bellevue,2,Iroquois Wine & Spirits,4.5,16,47,0.3609046545036773
Bellevue,3,Publicity,4.0,233,400,0.3315375773512544
Bellevue,4,Penn Station East Coast Subs,4.0,56,154,0.3231058811280131
Bellevue,5,Tito's Mexican Restaurant - Bellevue,4.0,42,17,0.32176271093806263
Bellmawr,1,Agave,4.5,46,35,0.3620248326799684
Bellmawr,2,Paradise Pizza,4.5,33,17,0.36140594561036704
Bellmawr,3,Somerdale Auto Collision,4.5,17,4,0.36069690325765635
Bellmawr,4,Dominic's Tavern,4.0,151,355,0.3280281503749254
Bellmawr,5,Carmen's Deli,4.0,151,162,0.3269177637532623
Belmont Hills,1,Cotoletta,4.5,41,19,0.3617345769432121
Belmont Hills,2,Philadelphia Insurance Companies,1.5,17,1,0.12067964336198278
Bensalem,1,Pellegrino’s Salon And Suite,5.0,19,11,0.4008164575314936
Bensalem,2,Diverse Catering and Event Design,5.0,19,0,0.4007531712473573
Bensalem,3,M. Rani Eyebrow Threading & Spa,5.0,18,4,0.40073654384962254
Bensalem,4,Thulasi,5.0,16,14,0.40071479565126855
Bensalem,5,1675 Spirits,5.0,13,9,0.40056710738258083
Bensalem Township,1,Honest Restaurant,3.5,57,41,0.2824953989829433
Bensalem Township,2,Xcite Center,3.5,50,31,0.2821603818536017
Bensalem Township,3,All In Adventures Escape Rooms - Bensalem Township,3.0,14,2,0.2405664748846421
Bensalem. Pa,1,Annabella's Italian Restaurant,4.0,55,34,0.32237584470910613
Berkeley,1,Lambert International Airport Cell Phone Lot Terminal 2,4.0,13,122,0.3212172301196167
Berkeley,2,Big Boyz Burgers and More,4.0,22,5,0.3209008595160451
Berkeley,3,Waffle House,3.5,48,184,0.28296135534901884
Berkeley,4,White Castle,2.5,22,48,0.20114825135403214
Berkeley,5,TJ's Sweetie Pies,2.5,11,10,0.2004935794972063
Berlin,1,Parrilla La Nueva Fogata,4.5,212,283,0.37003198898869744
Berlin,2,Maria's Mexican Restaurant,4.5,100,62,0.36432076370720345
Berlin,3,Sundaes,4.5,79,87,0.3636321437398598
Berlin,4,Mera Khana Restaurant,4.5,59,38,0.3625574202712022
Berlin,5,Bringhurst Meats,4.5,32,38,0.36148712428811547
Berlin Township,1,Pho Le,4.0,110,121,0.3250566142417778
Berlin Township,2,Pineapple Asian Restaurant,4.0,27,16,0.32116234876001215
Berry Hill,1,One10 Beauty House,5.0,26,30,0.40120325434785575
Berry Hill,2,Brothers Burger Joint,4.5,223,144,0.3696683270007856
Berry Hill,3,Little Gourmand,4.5,21,12,0.36090149201398375
Berry Hill,4,The Loving Pie Company,4.0,90,156,0.3244651678519787
Berwyn,1,Marshall's Market,5.0,22,23,0.40100441889008615
Berwyn,2,Endless Tan,5.0,20,4,0.40081582503355484
Berwyn,3,Conestoga Collision,5.0,15,0,0.4005946088794926
Berwyn,4,Jim's Berwyn Sunoco,5.0,11,1,0.4004417998101858
Berwyn,5,Handel's Homemade Ice Cream,4.5,197,358,0.36986887750104286
Bethalto,1,New China,4.5,28,51,0.36140335480150276
Bethalto,2,Imo's Pizza,2.5,18,14,0.2007940768352009
Bethel,1,Grecian Delights,4.0,16,48,0.3209104078022352
Bethel Township,1,Chamberlain's Roast Beef,3.0,31,26,0.24137844411345522
Beverly,1,La Lus Cafe,4.5,21,4,0.36085546562552107
Beverly,2,Deli & Pizza Shop,4.5,13,5,0.3605440941883495
Beverly,3,Holiday Ice Cream,4.0,32,73,0.3216884897376399
Beverly,4,China Wok,4.0,18,8,0.32075955704385395
Beverly,5,New Hong Kong Chinese Restaurant,4.0,15,6,0.3206291286708397
Birchrunville,1,Butterscotch Pastry Shop,5.0,46,23,0.4019557930972743
Birchrunville,2,Birchrunville Store Cafe,4.0,81,46,0.32347553968292075
Black Jack,1,Bloomers Florist & Gifts,2.5,17,9,0.2007256697504455
Blackwood,1,Harrys Tires,5.0,14,4,0.4005779814817578
Blackwood,2,Sal's Pizza & Italian Restaurant,4.5,44,37,0.3619570580931517
Blackwood,3,Techniques Salon & Spa,4.5,34,30,0.36152037908358514
Blackwood,4,Iceland,4.5,25,24,0.3611290939645425
Blackwood,5,Blair Mountain Biscuit,4.5,24,8,0.36099740059565094
Blackwood ,1,Fat Jack's BBQ,3.5,38,6,0.2815408622860616
Blooming Glen,1,Blooming Glen Catering,4.5,25,40,0.36122114674146794
Blue Bell,1,The Jeff Silva Team - Keller Williams Real Estate,5.0,21,0,0.4008324524312897
Blue Bell,2,Auto Spa and Car Wash,5.0,12,4,0.40049870029782547
Blue Bell,3,Revo Hair and Skin Bar,5.0,12,0,0.4004756871035941
Blue Bell,3,Vantage Point Financial Group,5.0,12,0,0.4004756871035941
Blue Bell,4,Harry's Blue Bell Taproom,4.5,131,183,0.3662457711836535
Blue Bell,5,Marhaba Blue Bell,4.5,64,188,0.363618618014709
Blvd,1,Mariposa,4.5,31,45,0.3614877567860542
Boise,1,A New Twist Balloons and Face Painting,5.0,276,36,0.4111479221307461
Boise,2,Bittercreek Alehouse,4.5,998,1767,0.40972738933394404
Boise,3,BA Locksmith & Security,5.0,135,6,0.40538599970678046
Boise,4,Goldy's Breakfast Bistro,4.5,949,1297,0.40508095000541683
Boise,5,Bent Nail Inspections,5.0,125,0,0.4049550739957717
Boise ,1,Spa Raquel,4.5,16,2,0.3606457560685745
Boise (Meridian),1,Staples,2.5,15,56,0.20091679359873166
Boise City,1,Lorena's Mexican Grill,4.5,77,56,0.3633745103006344
Boise City,2,Campos Market,4.0,72,88,0.32336041289465445
Boise City,3,Basilio's Mexican Tacos,4.0,64,69,0.32293397548632613
Boise City,4,TV's Nails And Spa,4.0,11,3,0.3204533064073015
Boise City,5,Stan's Char-Broiled Hot Dogs,3.5,15,29,0.28076145453766993
Boone,1,IHOP,2.0,29,10,0.16120711015259745
Boothwyn,1,Cajun Kate's,5.0,140,378,0.40772442973012774
Boothwyn,2,Mad Greek,4.5,75,25,0.36311687686140903
Boothwyn,3,Car-Mira's Deli,4.5,37,91,0.36199025207151186
Boothwyn,4,Chi Cafe,4.5,17,43,0.3609212819014121
Boothwyn,5,Oriental Pearl Restaurant,4.0,154,330,0.3280032396868779
Bordentown,1,Randy Now's Man Cave,5.0,24,48,0.4012275325379645
Bordentown,2,Meineke Car Care Center,5.0,14,1,0.4005607215860843
Bordentown,3,Toscano Ristorante,4.5,236,226,0.37065542517808875
Bordentown,4,HOB Tavern,4.5,108,259,0.36577128825882727
Bordentown,5,R W Tire,4.5,52,24,0.36219938994762924
Bosie,1,Bruneel Point S - Boise,3.5,13,4,0.28053834088979157
Boyertown,1,Cd's Place,5.0,18,41,0.4009494158962626
Boyertown,2,Firefly Cafe and Outpost,4.5,67,90,0.36317371653193925
Boyertown,3,Grind,4.5,53,19,0.3622102640468062
Boyertown,4,Frecon Farms,4.5,31,34,0.36142447050191795
Boyertown,5,Brakeman's Cafe,4.5,31,10,0.36128639133652984
Bradenton,1,American Honey Creamery & Coffee,5.0,17,7,0.40071416315332986
Brandon,1,South Pacific Grill,5.0,185,174,0.4083345834628062
Brandon,2,Hole in One Donuts - Brandon,5.0,85,65,0.4037434147233843
Brandon,3,FR Bottle Shop,5.0,68,153,0.4035758149330493
Brandon,4,The Stein & Vine,4.5,908,1300,0.40347294563047725
Brandon,5,LC's Cafe & Supper Club,5.0,75,70,0.4033757752965118
Breckenridge Hills,1,Nick & Elena's Pizzeria,3.5,85,80,0.28382971420175185
Breckenridge Hills,2,Pizza Hut,1.5,13,3,0.12053258759123377
Brentwood,1,Blondes By Erica,5.0,299,201,0.4130089500080117
Brentwood,2,The Poki,5.0,193,109,0.408277743792276
Brentwood,3,Pivotal Touch Healing,5.0,58,13,0.40237394721528996
Brentwood,4,Bonaventure Coffee,5.0,48,44,0.4021558935509213
Brentwood,5,ModerNash Furniture Supply,5.0,41,25,0.40176909673455913
Brentwood ,1,Fresno Permanent Makeup Microblading,4.5,27,3,0.36108755587876024
Brentwood - Cool Springs,1,Batteries Plus Bulbs,4.0,20,12,0.32086185142201756
Bridge City,1,Banting's Nursery,4.0,14,71,0.32096345248513314
Bridge City,2,Waffle House,3.0,11,20,0.24055111248278468
Bridgeport,1,Bella Capelli Salon,5.0,19,13,0.4008279641286092
Bridgeport,2,Suzy-Jo Donuts,4.5,89,136,0.3643104612888557
Bridgeport,3,Dino's Pizza & Pasta,4.5,71,51,0.3631079002560482
Bridgeport,4,Muffins,4.5,34,99,0.3619173566840761
Bridgeport,5,BHC Roofing,4.5,43,3,0.36172180535021903
Bridgeton,1,Prestige Electronics,5.0,26,4,0.4010536685853519
Bridgeton,2,Esther’s Persian Cafe,5.0,22,10,0.40092962600883425
Bridgeton,3,Gateway Gun Club,5.0,12,27,0.4006310261646558
Bridgeton,4,Big G Auto Service,5.0,14,4,0.4005779814817578
Bridgeton,5,La Tejana Taqueria,4.5,262,1325,0.3780089556842752
Bristol,1,Mazzanti's Market,5.0,74,19,0.4030427164780958
Bristol,2,Cafe Bombay Indian Cuisine,4.5,120,76,0.3651941217263367
Bristol,3,Calm Waters Coffee Roasters,4.5,104,144,0.36495109655681096
Bristol,4,Radcliffe Cafe,4.5,77,105,0.36365642192996855
Bristol,5,Jules@Market,4.5,82,33,0.363440387393635
Bristol Twp,1,D D Dairy Delite,4.5,14,25,0.3606988007514725
Bristol Twp,2,Wing Wah Chinese Restaurant,3.5,25,9,0.28104279448617486
Brookhaven,1,Burman's Health Shop,5.0,17,15,0.40076018954179254
Brookhaven,2,Brookhaven Auto Center,5.0,11,0,0.40043604651162795
Brookhaven,3,Phil & Jim's Delicatessen,4.5,95,82,0.3642376267185294
Brookhaven,4,Ro-Lynn Deli,4.5,47,62,0.36221981233299627
Brookhaven,5,ZW Sushi Land,4.5,30,6,0.3612237375503323
Brooklawn,1,AudioSonic Car Stereo,5.0,18,2,0.40072503725250685
Brooklawn,2,12 Oz Studios,4.5,18,27,0.3608688697164529
Brooklawn,3,John’s Pizza,4.0,26,12,0.32109969497381463
Brooklawn,4,Empire Diner,3.5,58,46,0.28256380606769865
Brooklawn,5,Clancy's By The Creek,3.5,21,41,0.28106833767216105
Brooklyn,1,The Pink Slip,3.0,12,54,0.24078636522571742
Broomall,1,Maki Motors,5.0,26,0,0.40103065539112054
Broomall,2,Man's Alternative,5.0,15,12,0.40066364846218666
Broomall,3,"Williamsburg Dental, PC",5.0,14,13,0.40062976116877835
Broomall,4,DePiano General Contractors,5.0,15,0,0.4005946088794926
Broomall,5,Steve Spiro Contracting,5.0,13,0,0.40051532769556025
Brownsburg,1,Mind Over Mash Brewing Company,5.0,24,24,0.40108945337257634
Brownsburg,2,The Ice Barn,5.0,18,33,0.4009033895077999
Brownsburg,3,Smokers Choice,5.0,16,17,0.4007320555469421
Brownsburg,4,Rudy's Watch & Jewelry Repair,5.0,14,9,0.40060674797454704
Brownsburg,5,Arbuckle Acres Park,5.0,12,18,0.4005792464776352
Bryn Athyn,1,Cairnwood Estate,5.0,18,71,0.4011220148529978
Bryn Athyn,2,Bryn Athyn Thrift Shop,4.5,18,14,0.3607940768352009
Bryn Athyn,3,American Wedding Group,1.5,11,0,0.1204360465116279
Bryn Mawr,1,Mrs.Ken Wax and Nail,5.0,70,34,0.4029704535885987
Bryn Mawr,2,Elevated Wellness,5.0,34,18,0.401451339500891
Bryn Mawr,3,"J & J Motors, Inc.",5.0,25,4,0.4010140279933857
Bryn Mawr,4,Visiting Angels,5.0,21,0,0.4008324524312897
Bryn Mawr,5,Sunset Moon Wellness Center - Superfoods Cafe,5.0,13,4,0.4005383408897916
Buckingham,1,Iris's Sweet Side,5.0,27,6,0.40110481577443374
Buckingham,2,GI Juice and Java,5.0,17,12,0.400742929646119
Buckingham,3,Mad Princes Brewing,4.5,25,26,0.3611406005616582
Buckingham,4,JustFood,4.5,18,59,0.3610529752703037
Buckingham,5,Buckingham Valley Vineyards & Winery,4.0,88,130,0.3242363009055425
Buckingham Township,1,Buckingham Green Nails & Spa,4.0,19,7,0.32079344433726226
Bucks,1,Falls Township Dog Park,4.0,16,21,0.3207550687411735
Bucks,2,Dominick's Pizzeria,4.0,16,13,0.32070904235271075
Bucks,3,Marisa Boutique,3.0,11,1,0.24044179981018574
Bucks County,1,Royal Moving Solutions,4.0,11,0,0.320436046511628
Bucks County,2,Celebrations,3.5,47,40,0.2820932397647237
Bucktown,1,Station 6,4.5,283,231,0.37254729949328813
Burlington,1,Evermore Coffee Roasters,5.0,50,52,0.4022812011233164
Burlington,2,VUTT Optical & Sunglasses,5.0,16,4,0.4006572626656902
Burlington,3,Davis Plumbing,5.0,12,7,0.400515960193499
Burlington,4,Bukhara Restaurant & Tandoori Grill,4.5,85,30,0.36354204927385997
Burlington,5,Jing’s Sushi House,4.5,52,26,0.3622108965447449
Burlington Township,1,Royal Auto Group,2.0,39,1,0.16155173638523865
Burlington Township,2,City Auto Park,2.0,13,4,0.16053834088979166
Burlington Township,3,TGI Fridays,1.5,110,183,0.12541331875236375
Bywater,1,The Cheezy Cajun,4.0,95,122,0.324467758660843
CHELTENHAM,1,Julies Nail Spa,3.5,23,13,0.2809865264964739
CLEARWATER,1,IHOP,3.0,63,130,0.2432452861063881
CLIFTON HEIGHTS,1,Denny's,2.0,63,70,0.16290008819291776
Cahokia,1,Sawmill BBQ,4.5,89,158,0.36443703385712817
Cahokia,2,Stingers,4.0,13,73,0.3209353184902826
Cahokia,3,Classic K Hamburgers,4.0,15,56,0.32091679359873165
Cahokia,4,Quality Inn & Suites Near St. Louis And I-255,3.0,14,23,0.24068729415435675
Cahokia,5,Walmart,2.0,13,20,0.16063039366671708
Caln,1,King Bagels,4.5,12,12,0.3605447266862882
Camby,1,Grandma's Oven,4.5,20,16,0.3608848646162489
Camby,2,Doctor Who North America,4.5,14,22,0.36068154085579895
Camby,3,Heavy's Sports Cafe,4.5,12,18,0.36057924647763523
Camby,4,The Links At Heartland Crossing,4.5,12,6,0.3605102068949412
Camby,5,Burrito's Home,4.0,15,33,0.3207844677319014
Camden,1,Vacord Screen Printing,5.0,19,0,0.4007531712473573
Camden,2,Fevzi's Mediterranean Grill,5.0,14,1,0.4005607215860843
Camden,3,Crabs Plus,5.0,12,6,0.40051020689494116
Camden,4,Bert's Steak & Sub House,5.0,11,7,0.40047631960153285
Camden,5,English Moving & Hauling,5.0,11,0,0.40043604651162795
Cane Ridge,1,Los Portales,3.0,42,31,0.2418432571178723
Cane Ridge,2,Waterford Crossings,2.5,17,3,0.20069114995909848
Carmel,1,Rose & Lois,5.0,84,54,0.40364048784728196
Carmel,2,Penn & Beech Candle Co.,5.0,74,39,0.4031577824492526
Carmel,3,Joe's Next Door,5.0,57,57,0.40258745175986876
Carmel,4,InCycle,5.0,32,199,0.4024134053559277
Carmel,5,Mears Automotive - Carmel,5.0,56,7,0.4022601462400106
Carney's Point,1,Denny's,2.5,32,44,0.20152164407946252
Carneys Point,1,Lapp's Olympia Dairy Bar,4.5,29,41,0.3613854624078905
Carneys Point,2,Flying J Travel Center,3.0,17,313,0.2424746725120288
Carneys Point,3,Holiday Inn Express & Suites Carneys Point - Pennsville,3.0,24,32,0.24113547976103902
Carneys Point,4,Comfort Inn & Suites,2.5,24,12,0.20102041378988225
Carpinteria,1,Canzelle Alpacas,5.0,130,94,0.4056940870200395
Carpinteria,2,Padaro Beach Grill,4.5,885,1605,0.4043159680753964
Carpinteria,3,Apiary,5.0,84,145,0.40416403801604533
Carpinteria,4,Seaside Gardens,5.0,82,157,0.4041537964148071
Carpinteria,5,Chocolats du Calibressan,5.0,63,69,0.4028943348943599
Carrollwood,1,Take 5 Oil Change,4.5,20,5,0.3608215783321127
Carrollwood,2,Eyeglass World,4.0,19,7,0.32079344433726226
Carrollwood,3,Chick-fil-A,3.5,47,389,0.2841011409614098
Carrollwood,4,Michaels,3.5,19,142,0.28157013964257055
Carrollwood,5,Applebee's Grill + Bar,2.5,83,197,0.20442356894908684
Carson City,1,Carson City Towing,3.0,34,3,0.2413650400225234
Carversville,1,The Carversville Kitchen,4.5,35,35,0.3615887861683405
Carversville,2,The Carversville Inn,3.5,72,22,0.28298069518983693
Casa Adobes,1,Starbucks,3.0,35,362,0.24347011479675407
Casas Adobes,1,Dosa Express,4.0,17,11,0.32073717634756127
Casas Adobes,2,Nail Trix and Spa,2.0,17,9,0.16072566975044553
Caseyville,1,Tres Caminos,4.5,70,84,0.3632581185164907
Caseyville,2,Dairy Haven,4.5,35,143,0.36221014241258725
Caseyville,3,South Main Diner,4.5,38,28,0.36166743485433417
Caseyville,4,"Morrison Plumbing, Heating and Air",4.5,25,2,0.36100252139627004
Caseyville,5,East Town Donuts,4.5,11,5,0.3604648130044172
Castleton,1,By Meow Natural Effect,5.0,23,15,0.4009980330935896
Castleton,2,DSW Designer Shoe Warehouse,4.0,26,152,0.3219051567719122
Castleton,3,Perkins Restaurant & Bakery,4.0,20,146,0.3216327934287681
Castleton,4,PetSmart,3.5,40,191,0.2826845037031943
Castleton,5,Eyeglass World,3.5,19,18,0.2808567306213984
Catalina,1,It's Greek To Me,4.5,165,111,0.3671793138143389
Catalina,2,Catalina Craft Pizza,4.0,84,37,0.3235426817717987
Catalina,3,Bubb's Grub,3.5,203,268,0.28958892418263427
Catalina,4,Sammy's Mexican Grill,3.5,169,57,0.2870271980600801
Catalina,5,ACE Hardware,2.5,11,9,0.20048782619864847
Catalina Foothills,1,RECON Auto Detailing,5.0,47,15,0.4019494073007778
Catalina Foothills,2,Blackett's Ridge,5.0,14,28,0.400716060647146
Cedar Brook,1,Cold Cow,4.5,15,38,0.3608132342246905
Cedar Brook,2,Francesco's,4.0,24,16,0.32104342698411364
Cedar Brook,3,Stephanies Too,3.0,24,4,0.24097438740141952
Cedar Brook,4,Bella Luna,2.5,11,1,0.20044179981018576
Cedars,1,Olcé Pizza Grille,4.5,125,187,0.3660309408260878
Cedars,2,Del Prado,4.5,30,51,0.3614826359854351
Cedars,3,19 Bella,4.0,210,257,0.3298031220422613
Cedars,4,The Keystone Lounge,3.5,32,26,0.28141808470542135
Center Square,1,Wawa,3.5,21,319,0.28266775467124056
Centreville,1,Boxers N Briefs,3.0,14,7,0.2405952413774313
Cerritos,1,Sears Auto Center,3.0,130,187,0.24622914378591856
Chadds Ford,1,Energy Intuit,5.0,23,49,0.4011936452445562
Chadds Ford,2,Dashing Dogs Grooming Studio,5.0,15,2,0.4006061154766083
Chadds Ford,3,Tribe,5.0,14,8,0.4006009946759892
Chadds Ford,4,Brandywine View Antiques,5.0,11,4,0.4004590597058593
Chadds Ford,5,Antica Italian Restaurant,4.5,206,93,0.3687010187109109
Chalfont,1,The Happy Mixer Gluten Free Bakery,5.0,84,192,0.4044344430482638
Chalfont,2,Ark Animal Hospital of Chalfont,5.0,73,25,0.40303759567747666
Chalfont,3,Mitchell's Auto Service,5.0,13,1,0.4005210809941181
Chalfont,4,Bonnie's Flowers,5.0,11,1,0.4004417998101858
Chalfont,5,Hachi,4.5,258,205,0.37140669893163
Chalmette,1,Secret Thai Restaurant,4.5,146,103,0.36638011617851884
Chalmette,2,Beignets & More,4.5,83,121,0.3639863182586911
Chalmette,3,Cafe Aquarius,4.5,34,26,0.36149736588935377
Chalmette,4,3D Auto Detailing ,4.5,24,4,0.36097438740141957
Chalmette,5,Jeanfreau Super Market,4.5,20,25,0.3609366443032695
Cheltenham,1,Sol Levante Bakery,5.0,58,68,0.4026903786359712
Cheltenham,2,Blend Lab Groom Society,5.0,12,7,0.400515960193499
Cheltenham,3,Pita Pocket Eatery,4.5,112,84,0.36492302337907
Cheltenham,4,Hawkins Appliance Repair,4.5,26,0,0.36103065539112056
Cheltenham,5,Executive Auto Body,4.5,18,2,0.3607250372525069
Cheltenham Township,1,Mama’s Diner,4.0,45,17,0.32188163271396114
Cheltenham Township,2,Go Hyang San Chun,4.0,15,18,0.32069816825353376
Cherry Hil,1,Royal Mile Coffee Roasters,4.5,14,6,0.36058948807887353
Cherry Hill,1,Bury The Hatchet Cherry Hill,5.0,105,47,0.4044326671886667
Cherry Hill,2,Steves iPhone Repair,5.0,75,75,0.403404541789301
Cherry Hill,3,Chopper's Hatchet House,5.0,46,33,0.40201332608285273
Cherry Hill,4,Sam's Flowers,5.0,45,15,0.4018701261168454
Cherry Hill,5,Cassara Chiropractic Center,5.0,18,120,0.401403926482332
Chesilhurst,1,Graziano's Ristoranti,4.0,59,35,0.3225401603755287
Chesilhurst,2,Grilly Cheese,4.0,14,2,0.3205664748846422
Chesilhurst,3,Brother Bear's BBQ and Catering,3.5,20,8,0.28083883822778616
Chester,1,Philadelphia Union,5.0,12,87,0.40097622407812616
Chester,2,Just Pizza,4.5,16,8,0.3606802758599216
Chester,3,Furillo's Sandwich Shop,4.5,14,4,0.36057798148175785
Chester,4,Ob's Jamaican Restaurant,4.0,29,32,0.32133368272087
Chester,5,Phatso's Bakery,4.0,26,25,0.3211744878550666
Chester Heights,1,Hamanassett Bed & Breakfast,4.0,20,3,0.32081007173499704
Chester Springs,1,Scooped Ice Cream,5.0,38,40,0.4017364744370282
Chester Springs,2,Ludwigs Corner Veterinary Hospital,5.0,14,5,0.40058373478031567
Chester Springs,3,Earthspeak,5.0,13,3,0.4005325875912338
Chester Springs,3,Eagle Service Center,5.0,13,3,0.4005325875912338
Chester Springs,4,Montesano Bros Trattoria & Catering,4.5,97,47,0.3641155424529373
Chester Springs,5,Lemon Tree Asian Restaurant,4.5,76,67,0.3633981559928045
Chester Township,1,CK Seidman Appliance,4.5,11,2,0.36044755310874366
Chesterbrook,1,HG Coal Fired Pizza,4.5,85,26,0.3635190360796286
Chesterbrook,2,Diane's Sidewalk Deli,4.0,87,134,0.32421967350780767
Chesterbrook,3,Pizza Land,3.5,11,12,0.28050508609432195
Chesterbrook,4,Rite Aid,3.0,13,8,0.24056135408402296
Chesterbrook,5,Manhattan Bagel,2.0,40,19,0.1616949363512459
Chesterfield,1,GreenTrails Mobil,5.0,20,247,0.4022138765831099
Chesterfield,2,Three Dog Bakery,5.0,19,130,0.4015011000598765
Chesterfield,3,RJ Chocolatier,5.0,17,40,0.40090402200573855
Chesterfield,4,Zengel Flowers And Gifts,5.0,20,2,0.40080431843643916
Chesterfield,5,"Homer Sedighi, DMD",5.0,15,1,0.40060036217805045
Chestnut Hill,1,JDog Junk Removal and Hauling,5.0,47,1,0.40186886112096804
Chestnut Hill,2,Hipster Home,5.0,36,66,0.4018067790155997
Chestnut Hill,3,Staples,3.5,24,53,0.28125629903075366
Chicago,1,North Avenue Collective,5.0,11,1,0.4004417998101858
Chichester,1,Duffers Mill,3.5,40,93,0.28212068044452604
Christiana,1,honeygrow,3.5,61,46,0.28268272784359716
Christiana,2,Red Robin Gourmet Burgers and Brews,3.0,86,239,0.24478412926441462
Christiana,3,The Greene Turtle Sports Bar & Grille,3.0,73,70,0.24329649411257945
Christiana,4,Famous Dave's Bar-B-Que,3.0,64,127,0.24326766680268072
Christiana,5,Jersey Mike's Subs,3.0,19,5,0.2407819377401465
Churchville,1,Russell Gardens Center,5.0,19,9,0.4008049509343779
Churchville,2,Churchville Inn,3.0,286,242,0.2527295075533228
Churchville,3,Susan's Cats and Kittens,3.0,12,0,0.24047568710359407
Churchville,4,Tom Adams Storm Windows,2.5,15,3,0.20061186877516615
Cinnaminson,1,The Jug Handle Inn,4.0,604,13244,0.42013960364759945
Cinnaminson,2,Preferred Car & Limousine,5.0,18,2,0.40072503725250685
Cinnaminson,3,Mongo's Tire & Auto Repair Service,5.0,12,4,0.40049870029782547
Cinnaminson,4,The Original Mart Soft Pretzel Bakery,4.5,74,193,0.36404379042715995
Cinnaminson,5,Baba Grill,4.5,71,23,0.3629468078964287
Citrus Park,1,ALDI,4.0,25,176,0.3220035953453342
Citrus Park,2,BJ's Restaurant & Brewhouse,3.5,291,870,0.2965407820074771
Citrus Park,3,Carrabba's Italian Grill,3.5,97,376,0.28600837767846654
Citrus Park,4,Matt's Plumbing Services,3.5,26,2,0.28104216198823617
Claerwater,1,Mister Car Wash,3.0,30,53,0.2414941425825507
Clarksboro,1,Berkley Nail Lounge,4.5,13,1,0.3605210809941181
Clarksboro,2,Cinder Bar,4.0,298,479,0.334568726415125
Clarksboro,3,Death of The Fox Brewing,4.0,53,69,0.3224979289746982
Clarksboro,4,Idea Asian Restaurant,4.0,48,20,0.3220178143855332
Clarksboro,5,Platt's Farm Market,4.0,18,15,0.3207998301337588
Clarksville,1,Chris' Pizza Village,4.0,36,69,0.32182403891127326
Claymont,1,Mighty Muffler,5.0,18,1,0.400719283953949
Claymont,2,3 J's Discount Tires,5.0,16,6,0.40066876926280587
Claymont,3,Charlie's Pizza,4.5,39,7,0.3615862561765857
Claymont,4,Mr Royal Touch Mobile Detailing & Presure washing,4.5,14,35,0.36075633373705085
Claymont,5,Ny Gyro & Grill,4.5,15,6,0.3606291286708397
Clayton,1,Craft Beer Cellar Clayton,5.0,75,246,0.4043883558426916
Clayton,2,Yhanne's House of Cheesecakes,5.0,48,6,0.4019372682057234
Clayton,3,Infinity Laser Hair Removal & Skin Rejuvenation,5.0,37,31,0.40164505415804147
Clayton,4,Shaw Park,5.0,20,141,0.4016040269359789
Clayton,5,The Wine Merchant,5.0,22,127,0.40160276194010147
ClearWater,1,uBreakiFix,4.5,45,8,0.3618298530269406
Clearwater,1,Clear Sky Cafe,4.5,1824,2372,0.44595126392549633
Clearwater,2,Lenny's Restaurant,4.5,992,1781,0.40957009196195676
Clearwater,3,Kpicu,5.0,203,103,0.4086396299205907
Clearwater,4,The Mint Fox Cookies & Ice Cream,5.0,149,131,0.40666013031403686
Clearwater,5,Psychic Medium Valentina,5.0,52,744,0.4063417649092739
Clearwater Beach,1,Frenchy's Rockaway Grill,4.0,2301,3784,0.43298348385703084
Clearwater Beach,2,Chute Em Up Parasailing,5.0,51,84,0.4025049472691334
Clearwater Beach,3,Clearwater Paddleboard,5.0,39,17,0.40164378916216403
Clearwater Beach,4,Clearwater Beach,4.5,601,3061,0.40143484265721796
Clearwater Beach,5,Clearwater Beach Fitness,5.0,17,22,0.40080046263169744
Clearwater/ Countryside,1,Carmel Kitchen & Wine Bar,4.0,392,547,0.33868616636187837
Clementon,1,Mavis Discount Tire,5.0,12,5,0.4005044535963833
Clementon,2,Sapphire Nail Lounge,4.5,42,19,0.3617742175351783
Clementon,3,Matt Cadabra,4.5,23,0,0.36091173361522205
Clementon,4,Jamrock Raggaae Soul,4.5,16,2,0.3606457560685745
Clementon,5,Wine Warehouse -  Blackwood,4.5,11,29,0.36060289216980534
Clermont,1,Bombay Masala,5.0,22,14,0.40095263920306556
Clermont,2,Soul Bear BBQ,4.0,35,12,0.3214564603015102
Clermont,3,Dairy Queen Grill & Chill,3.5,20,142,0.2816097802345367
Clermont,4,Lola's Bowl and Bistro,3.5,28,21,0.2812307558447675
Clifton Heights,1,Rosati Ice,5.0,15,16,0.40068666165641803
Clifton Heights,2,The Original Clam Tavern,4.5,209,265,0.3698095078387578
Clifton Heights,3,Gaetano's Pizzeria,4.5,120,62,0.3651135755465269
Clifton Heights,4,Best Quality Pizza & Grill,4.5,27,20,0.3611853619542435
Clifton Heights,5,New Image Detailing,4.5,19,3,0.36077043114303087
Coatesville,1,Chester County Dental Arts,5.0,13,17,0.4006131337710435
Coatesville,2,Stargazers Vineyard,4.5,20,9,0.36084459152634407
Coatesville,3,Jacks Pizza,4.0,58,63,0.322661612143182
Coatesville,4,Double D Diner,4.0,38,27,0.32166168155577635
Coatesville,5,Little Anthony's Pizza & Grille,4.0,34,37,0.32156065217349
Cold Springs,1,Village Grill,3.5,63,133,0.2832625460020616
College Place,1,Valvoline Instant Oil Change,4.5,13,2,0.36052683429267596
Collegeville,1,Ava's Ice Cream and Water Ice,5.0,58,28,0.4024602466936576
Collegeville,2,Quality Appliance Service,5.0,28,0,0.4011099365750529
Collegeville,3,Father & Son Locksmith,5.0,19,0,0.4007531712473573
Collegeville,4,Chiccarines Diamonds & Jewelry,5.0,13,10,0.4005728606811387
Collegeville,5,Barry Davis Produce Stand,5.0,13,8,0.400561354084023
Collingdale,1,Kelly's Kandy & Nuts,5.0,11,7,0.40047631960153285
Collingdale,2,Pho 4 Seasons,4.5,68,120,0.3633859560806406
Collingdale,3,Cupcakeology,4.5,47,32,0.3620472133762611
Collingdale,4,Malo's Pizza & Pasta,4.5,23,6,0.3609462534065691
Collingdale,5,Fuji Hibachi And Chinese Cuisine,4.5,12,3,0.36049294699926765
Collingswood,1,The Candy Jar,5.0,50,42,0.40222366813773797
Collingswood,2,Justin's Collingswood Barber Shop,5.0,43,64,0.4020727565622472
Collingswood,3,Haddon Culinary,5.0,47,22,0.40198968039068267
Collingswood,4,Exit 4 Private Escape Rooms - Collingswood,5.0,40,11,0.40164890996278324
Collingswood,5,Albertino's Italian,5.0,36,14,0.401507607490592
Collinsville,1,Dean's Liquor,5.0,11,13,0.40051083939287985
Collinsville,2,Cahokia Mounds,4.5,65,235,0.36392866363889365
Collinsville,3,Kruta Collinsville Bakery,4.5,67,76,0.3630931703521295
Collinsville,4,Bert's Chuckwagon,4.5,57,85,0.3627485441194883
Collinsville,5,Sizzor Shak,4.5,32,45,0.36152739737802037
Colmar,1,Caliber Collision,5.0,14,3,0.4005722281832
Colmar,2,Yum Yum Bake Shops,4.5,182,537,0.3703041090634036
Colmar,3,Mi Mex Cocina,4.5,44,17,0.3618419921219949
Colmar,4,"Capt'n Chucky's Crab Cake Co, Colmar",4.5,18,6,0.36074805044673824
Colmar,5,Sneha Beauty Salon,4.5,11,1,0.3604417998101858
Columbia,1,Chateau La VIn,5.0,13,63,0.40087778550470415
Columbia,2,Stumpy's Spirits,5.0,17,17,0.40077169613890823
Columbia,3,Dear Diva Desserts,5.0,12,4,0.40049870029782547
Columbia,4,Thai House,4.5,117,138,0.36543190446102425
Columbia,5,Proving Ground,4.5,48,41,0.3621386336552478
Columbus,1,Pete's Pizza,4.5,57,54,0.3625701918641953
Columbus,2,Stoltzfus BBQ,4.5,18,83,0.3611910544356919
Columbus,3,Corner House Tavern,4.5,15,28,0.36075570123911216
Columbus,4,The Chicken Coop,4.5,12,22,0.3606022596718666
Columbus,5,Columbus Farmer's Market & Flea Market,4.0,159,547,0.32944990843376
Concord Township,1,Outback Steakhouse,3.0,80,169,0.2441435548135688
Concordville,1,Birds & Bees,3.5,12,8,0.2805217134920568
Concordville,2,Concordville Inn,2.5,100,113,0.20461418193365324
Concordville,3,Duffer's Pub,2.5,73,140,0.20369922501162824
Concordville,4,McDonald's,1.5,19,0,0.1207531712473573
Conshohocken,1,El Limon,4.5,1001,1687,0.4093860472252153
Conshohocken,2,Bucci's Jewelry & Design,5.0,73,4,0.402916776407762
Conshohocken,3,Edwards-Freeman Nut,5.0,47,122,0.4025650102464666
Conshohocken,4,Project Escape,5.0,55,18,0.40228379193218067
Conshohocken,5,Tone Zone Fitness Studio,5.0,19,130,0.4015011000598765
Conshohoeken,1,Tierra Caliente,3.5,94,59,0.2840656602597328
Cornwells Hts,1,Lertak Building Sustainment,1.0,31,1,0.08123461164950924
Corona De Tucson,1,Argenziano's,4.0,186,148,0.3282246382922686
Corona De Tucson,2,Ace Hardware,3.5,12,1,0.2804814404021519
Corona de Tucson,1,Tay's Brew House,5.0,19,41,0.40098905648822875
Corona de Tucson,2,Charquitas,4.0,19,9,0.32080495093437794
Cortaro,1,Red Stag Painting,4.5,12,0,0.3604756871035941
Cottage Hills,1,Doc Holliday's Saloon & Steakery,2.5,15,19,0.20070392155209157
Covington,1,All American Inspections & Testing,5.0,20,1,0.4007985651378813
Creamery,1,Creamery Tire,4.5,109,67,0.3647062955276882
Crestwood,1,Starbucks,4.0,28,1244,0.3282670399810057
Crestwood,2,King Edwards Fried Chicken,4.0,147,244,0.32723097186714045
Crestwood,3,Malone's Grill & Pub,4.0,44,134,0.3225151280532622
Crestwood,4,ALDI,4.0,12,146,0.32131566869303874
Crestwood,5,Planet Fitness,4.0,22,22,0.32099866559152834
Creve Coeur,1,Lux Media Studio,5.0,75,2,0.4029845509945787
Creve Coeur,2,Genovese Jewelers,5.0,65,36,0.4027837572258835
Creve Coeur,3,The Wine & Cheese Place,5.0,13,195,0.401637220914339
Creve Coeur,4,Watch Technicians,5.0,35,33,0.40157727957122485
Creve Coeur,5,Vincent's Jewelers,5.0,25,10,0.40104854778473276
Creve Couer,1,LasikPlus,5.0,33,28,0.4014692318945033
Creve Couer,2,Calvert's Express Auto Service & Tire,2.0,21,3,0.1608497123269632
Croydon,1,Neshaminy Creek Brewing Company,4.5,115,360,0.36662985555693234
Croydon,2,Smokerhead Barbecue,4.5,32,20,0.36138356491407436
Croydon,3,China Wok Restaurant,4.5,19,27,0.36090851030841903
Croydon,4,Johnston's Sporting Goods,4.5,12,0,0.3604756871035941
Croydon,5,Dog and Bull,4.0,406,852,0.34099589070954595
Crum Lynne,1,Zac's Hamburgers,4.0,20,18,0.3208963712133646
Crum Lynne,2,Sciarrino's,2.5,17,3,0.20069114995909848
Crum Lynne,3,TransUnion Consumer Solutions,1.5,15,0,0.1205946088794926
Crystal Beach,1,A Arnies Dependable Appliance Repair,5.0,14,14,0.4006355144673362
Cumberland,1,Dairy Queen Grill & Chill,4.0,18,44,0.32096667579193616
DELRAN,1,Star Restaurant,4.5,86,74,0.3638348350023711
DONELSON,1,Sonic Drive-In,2.0,28,105,0.16171403292362604
DOWNINGTOWN,1,Manny's Septic Services,4.5,12,0,0.3604756871035941
Dade City,1,Pearl in the Grove,4.5,92,83,0.36412445824118866
Dade City,2,TreeHoppers Aerial Adventure Park,4.5,56,77,0.3626628771390594
Dade City,3,Scream-A-Geddon,4.0,119,202,0.32587939675265837
Dade City,4,Flying J Travel Center,3.5,27,137,0.2818584978855107
Dade City,5,Lake Jovita Golf and Country Club,3.0,11,27,0.24059138557268958
Danville,1,Beasley's Orchard,4.5,62,107,0.36307331964759165
Danville,2,Los Patios,4.0,34,24,0.3214858592922381
Danville,3,Pizza Hut,3.0,12,4,0.24049870029782544
Danville,4,Jack's Pizza,2.0,16,3,0.16065150936713232
Darby,1,Fortech Electricians,5.0,12,0,0.4004756871035941
Darby,2,Emily Nails,4.5,14,4,0.36057798148175785
Darby,3,Chef Uncle Willie 2,4.0,17,9,0.3207256697504456
Darby,4,S & S Island Cuisine,3.5,44,18,0.2818477454205527
Darby,5,Happy Inn,3.5,12,27,0.28063102616465574
Delanco,1,Pennington Park,4.0,14,95,0.3211015316505213
Delanco,2,Vinnys Pizza,3.5,17,10,0.28073142304900334
Delaware County,1,Easy Rider Repair,5.0,13,0,0.40051532769556025
Delran,1,L & M Bakery,4.5,137,91,0.3659543112681292
Delran,2,Dredge Harbor Dockside Cafe,4.5,27,192,0.36217492930619194
Delran,3,The Meadows Original Frozen Custard,4.5,42,64,0.3620331159702811
Delran,4,Hyperion Tree Service,4.5,39,0,0.3615459830866808
Delran,5,Amico Island State Park,4.5,12,64,0.36084389821129587
Delran Township,1,Ott's Tavern,2.5,50,127,0.20271269851515433
Deptford,1,Action Wheels,5.0,28,10,0.4011674695606313
Deptford,2,Pinto Thong Thai Cuisine,4.5,131,138,0.3659868727485507
Deptford,3,Sushi Express,4.5,49,41,0.36217827424721394
Deptford,4,Talk N Coffee,4.5,31,51,0.36152227657740127
Deptford,5,Berry Creamy Frozen Yogurt,4.5,14,94,0.36109577835196344
Deptford Township,1,Zuppetta Italian Kitchen & Catering,5.0,22,6,0.4009066128146029
Deptford Township,2,Linda Burns Catering,4.5,13,0,0.3605153276955603
Deptford Township,3,1st Response Pest Control,4.5,12,3,0.36049294699926765
Deptford Township,4,Mission BBQ,4.0,199,241,0.32927502275370796
Deptford Township,5,Viet Pho,4.0,69,42,0.3229768393850953
Des Peres,1,barre3 St. Louis - Des Peres,5.0,27,24,0.40120837514847485
Des Peres,2,Flavors Indian Cuisine,5.0,17,7,0.40071416315332986
Des Peres,3,Wilson Means Salon,5.0,15,14,0.40067515505930235
Des Peres,4,OK Vacuum & Janitor Supply,5.0,13,7,0.40055560078546515
Des Peres,5,Bijoux Handcrafted Chocolates,5.0,11,5,0.40046481300441716
Devon,1,Jyoti Henna Artist,5.0,42,12,0.4017339444452734
Devon,2,"Steve Tsao - BHHS Fox & Roach, Realtors",5.0,18,0,0.40071353065539117
Devon,3,Pour Richard's Coffee,4.5,106,171,0.365185716801805
Devon,4,Bualoy Cuisine,4.5,98,60,0.3642299759261554
Devon,5,The Black Cat Cafe,4.5,92,91,0.3641704846296514
Devon-Berwyn,1,Chic & Simple Resale Shop,2.5,17,3,0.20069114995909848
Donelson,1,Take 5 Oil Change,4.5,11,2,0.36044755310874366
Donelson,2,Valvoline Instant Oil Change,3.0,13,8,0.24056135408402296
Donelson,3,Embassy Dental - Donelson,2.0,32,5,0.1612972654357068
Douglassville,1,Hidden River Brewing Company,4.0,71,141,0.32362569712625383
Dover,1,Nidia's Latin Grill,4.5,19,10,0.36081070423293576
Dover,2,Berry Barn,4.5,14,32,0.3607390738413774
Dover,3,Cross Creek Ranch,4.5,15,10,0.36065214186507105
Dover,4,Diamond Hill Golf and Country Club,3.0,13,26,0.2406649134580641
Dover,5,Burger King,2.5,12,51,0.2007691053300439
Downingtown,1,Coppertown Espresso Smoothie Inc,5.0,27,14,0.4011508421628964
Downingtown,2,Bottle Room,5.0,15,19,0.40070392155209156
Downingtown,3,San Marco Pasta,5.0,14,4,0.4005779814817578
Downingtown,4,Rex Carle Automotive,5.0,13,2,0.40052683429267594
Downingtown,5,"Progress Plumbing, Heating & Electric Co",5.0,11,1,0.4004417998101858
Downtown,1,Congregation Coffee,4.5,20,34,0.36098842399029
Downtown Indianapolis,1,Orangetheory Fitness Downtown Indianapolis,4.5,17,30,0.3608464890201602
Doylestown,1,Leather Surgeons,5.0,110,0,0.4043604651162791
Doylestown,2,Kids Castle,5.0,50,126,0.4027069452165965
Doylestown,3,Dtown Tech,5.0,64,8,0.4025830242742979
Doylestown,4,Native Cafe,5.0,38,89,0.40201838606636237
Doylestown,5,Master Eyebrow Threading & Full Service Salon,5.0,31,10,0.4012863913365298
Dresher,1,Rose Bridge Farm & Sanctuary,5.0,15,2,0.4006061154766083
Dresher,2,Ra's Very Eatery,4.5,133,44,0.365525343868046
Dresher,3,George's Market at Dreshertown,4.5,45,56,0.36210601135771686
Dresher,4,Track 3 Microbrewery and Coffee House,4.5,17,29,0.36084073572160236
Dresher,5,Clean Juice Upper Dublin,4.5,13,4,0.36053834088979164
Drexel Hil,1,Wonder Nails,4.0,21,15,0.3209187519096573
Drexel Hill,1,Pilgrim Shoe Repair,5.0,40,4,0.40160863687287834
Drexel Hill,2,Ahvali BYOB,5.0,19,10,0.40081070423293574
Drexel Hill,3,Lou Curley's Chimney Service,5.0,17,5,0.4007026565562142
Drexel Hill,4,Bonnie's Wonder Gardens,5.0,13,2,0.40052683429267594
Drexel Hill,5,John Hauser's Drexel Automotive,5.0,12,1,0.40048144040215194
Dublin,1,Dancing Pig BBQ,4.5,54,28,0.36230168432579296
Dublin,2,Brown's Doughnut  & Pastry,4.5,29,8,0.3611956035554818
Dublin,3,Bucks County Seafood,4.5,20,10,0.3608503448249019
Dublin,3,Original Dominick's,4.5,20,10,0.3608503448249019
Dublin,4,Luberto's Brickoven Pizza,4.0,96,50,0.3240931617566447
Dublin,5,Dam Good Cafe,4.0,60,59,0.322717880132883
Dunedin,1,The Restorative,5.0,113,99,0.4050489634494038
Dunedin,2,HopScotch Cafe,5.0,111,55,0.40471653712892647
Dunedin,3,Parlor House Bistro,5.0,88,21,0.40360919136273793
Dunedin,4,Escape Root Juicery,5.0,80,70,0.40357397825634267
Dunedin,5,Carvor's Fish House,5.0,64,31,0.4027153501411282
Dunnellon,1,Florida Garage Door Pros,4.5,12,1,0.36048144040215196
Dupo,1,Triple Lakes Tavern,5.0,11,81,0.40090206369481296
Dupo,2,Good Times Saloon,3.0,11,12,0.24050508609432197
E. Norristown,1,Dickey's Barbecue Pit,3.0,50,40,0.24221216154062225
Eagle,1,Elevate A Wax and Facial Boutique,5.0,54,115,0.402802221300325
Eagle,2,K & Co Family Jewelers,5.0,54,35,0.4023419574156978
Eagle,3,VIP Construction,5.0,57,0,0.4022595137420719
Eagle,4,Boisebooth,5.0,48,1,0.4019085017129342
Eagle,5,Accurate Roofing Solutions,5.0,44,6,0.4017787058378587
"Eagle,",1,EcoGreen Carpet Care,5.0,19,1,0.40075892454591516
Eagleville,1,El Volcan cocina mexicana,5.0,25,5,0.40101978129194354
Eagleville,2,Ollie's Bargain Outlet,5.0,11,28,0.4005971388712475
Eagleville,3,Ebru Coffee,4.5,97,70,0.36424786831976763
Eagleville,4,Padrino's Pizzeria & Ristorante,4.5,36,73,0.3618470521055046
Eagleville,5,Nirvana Indian Bistro,4.5,40,9,0.3616374033656676
Earlington,1,Pinball Parlour,4.0,23,18,0.3210152929892632
Earlington,2,Earl-Bowl Lanes,4.0,14,21,0.32067578755724113
Earth City,1,Adamo's Italian Restaurant,4.0,81,109,0.32383799749206466
Earth City,2,Sonesta Simply Suites St Louis Earth City,4.0,13,30,0.3206879266522955
Earth City,3,Cord Moving and Storage,3.5,16,0,0.28063424947145876
Earth City,4,Bhann Thai,3.0,47,99,0.24243268437963628
Earth City,5,Residence Inn St. Louis Airport/Earth City,3.0,26,63,0.2413931132002644
East Alton,1,Mr. Pancho’s,4.5,27,27,0.3612256350441484
East Alton,2,Casa Romero,4.5,22,34,0.3610677051742224
East Alton,3,Airliner Bar & Grill,4.0,11,66,0.3208157642164454
East Alton,4,J.J. Thermo's Bar and Grill,3.5,30,16,0.2812812705359106
East Alton,5,China Star Restaurant,3.0,15,5,0.24062337537228182
East Boise,1,Flying J Travel Center,2.5,17,22,0.20080046263169743
East Edmonton,1,Fatburger,3.0,23,63,0.24127419142436587
East Falls,1,Fiorino,4.5,361,286,0.37595569708733084
East Lansdowne,1,Jalena's,4.0,16,28,0.3207953418310784
East Lansdowne,2,Mr. Wings,2.5,24,11,0.2010146604913244
East Nashville,1,Ugly Mugs Coffee & Tea,4.5,331,1446,0.3814403056554398
East Nashville,2,Orangetheory Fitness East Nashville,4.0,12,2,0.3204871937007098
East Nashville,3,3 Crow Bar,3.5,226,1608,0.2982100778653616
East Norristown,1,Suburban Community Hospital,2.0,14,26,0.1607045540500303
East Norriton,1,Really Cooking with Robin,5.0,26,9,0.4010824350781411
East Norriton,2,BPMzone Fitness,5.0,11,2,0.40044755310874364
East Norriton,3,BlueFin Restaurant,4.5,315,462,0.37514481040306663
East Norriton,4,Lush Lacquer Nail Bar,4.5,94,24,0.3638642948102085
East Norriton,5,Heavenly Spa,4.5,62,49,0.36273962833123696
East Saint Louis,1,China Express,4.0,11,21,0.3205568657813426
East Saint Louis,2,Cahokia RV Parque,3.5,16,3,0.2806515093671323
East Saint Louis,3,DraftKings at Casino Queen,2.5,85,344,0.20534858502102166
East Saint Louis,4,Hollywood Show Club,2.5,12,18,0.2005792464776352
East Saint Louis,5,The Ticket Guys,2.5,11,2,0.2004475531087436
East St Louis,1,Malcolm W. Martin Memorial Park,4.0,24,73,0.32137136500191055
East St Louis,2,The Diner,4.0,14,36,0.3207620870356087
East St Louis,3,Gateway Motorsports Park,3.5,17,187,0.281749756893741
East St. Louis,1,Big Mama's Bbq Express,4.0,57,54,0.32257019186419533
East St. Louis,2,Speedway Salvage,3.0,14,15,0.24064126776589403
East St. Louis,3,Familia Dental,1.0,15,3,0.08061186877516613
East Tampa,1,Crunch Fitness - Tampa Palms,3.0,72,364,0.24494832329661817
Eastampton,1,537 Subs & More,4.5,34,61,0.36169873133887814
Eastampton,2,John & Molly's,4.0,264,383,0.3326686296267225
Eastampton,3,Dunkin',3.0,14,49,0.2408368799168606
Eastampton,4,The Olde World Bakery & Cafe,2.5,77,63,0.20341478339053926
Eastampton Township,1,O'Connor's American Bar & Grille,4.0,131,158,0.3261019387197075
Eastampton Township,2,Russo's Pub & Italian Restaurant,3.0,74,74,0.24335914789877697
Eaux Claires,1,McDonald's,1.5,13,25,0.12065916015950624
EdMonton,1,Browns Socialhouse West Henday,3.5,43,44,0.2819576905910904
EdMonton,2,Browns Socialhouse Manning,3.5,27,56,0.28139248070232564
Eddystone,1,Portobello Cafe,4.0,137,112,0.32607513053784387
Eddystone,2,Vicki's Cold Cuts,4.0,13,1,0.32052108099411813
Eddystone,3,ShopRite of Eddystone,3.0,15,39,0.24081898752324835
Eddystone,4,Ming's Garden,2.5,16,17,0.20073205554694204
Eddystone,5,McDonald's,2.5,15,21,0.20071542814920726
Edgemont,1,Anise Pizza and Grill,2.0,20,11,0.16085609812345975
Edgewater Park,1,Delicious Dishes,4.0,80,62,0.32352795186787997
Edgewater Park,2,Jonathan Motorcars,4.0,12,1,0.320481440402152
Edgewater Park,3,Auto Direct Cars,3.5,65,4,0.2825996516720326
Edgewater Park,4,The 45th Street Pub,3.0,57,133,0.24302470245026458
Edgewater Park,5,Crystal Diner,3.0,29,22,0.2412761497352915
Edgmont,1,Starbucks,4.0,18,113,0.3213636533924271
Edmonton,1,Canadian Blood Services,5.0,14,259,0.40204507261400696
Edmonton,2,Evoolution,5.0,42,65,0.4020388692688389
Edmonton,3,The Bedouins,5.0,40,14,0.4016661698584567
Edmonton,4,Deadmonton Haunted House,5.0,33,54,0.40161881765700713
Edmonton,5,Blitz Conditioning,5.0,18,128,0.40144995287079466
Edmonton City Centre,1,LASIK MD,4.0,18,20,0.320828596626548
Edwardsville,1,The Cup,5.0,53,56,0.4024231360934462
Edwardsville,2,Ark Animal Hospital,5.0,15,3,0.40061186877516614
Edwardsville,3,Queen's Cuisine,5.0,14,4,0.4005779814817578
Edwardsville,4,Eaker's Family Barber Shop,5.0,11,20,0.40055111248278474
Edwardsville,5,CBC Home Inspections,5.0,12,0,0.4004756871035941
Edwardsville,5,Mike's iPhone Repair Service,5.0,12,0,0.4004756871035941
Elkins Park,1,Le Onde Ristorante,5.0,19,1,0.40075892454591516
Elkins Park,2,Greater Philadelphia Oral Surgery,5.0,16,9,0.4006860291584794
Elkins Park,3,bdk mint,5.0,13,2,0.40052683429267594
Elkins Park,4,All Stars Haircut,5.0,11,14,0.4005165926914377
Elkins Park,5,A Piece Of Cake And Candy too!,5.0,12,3,0.40049294699926763
Elmer,1,Sal's Pizza & Restaurant,4.5,13,4,0.36053834088979164
Elmer,2,Anderson's Country Store,4.5,12,8,0.36052171349205686
Elmer,3,The New Dodge's Market,4.0,69,57,0.3230631388634629
Elmer,4,Elmer Diner,3.5,46,27,0.2819788062915056
Elmer,5,Kountry Kitchen Restaurant,3.5,38,57,0.2818342805125114
Elmwood,1,Kneaded Relief Massage Therapy,5.0,16,16,0.40072630224838424
Elmwood,2,Waxing The City,4.5,56,78,0.3626686304376172
Elmwood,3,GeauxFit Training,4.5,14,10,0.3606125012731049
Elmwood,4,Tint World,4.5,11,0,0.36043604651162797
Elmwood,5,Boulevard American Bistro,4.0,86,87,0.32390962788362304
Elsmere,1,Omka Grill & Sushi,4.5,20,22,0.36091938440759597
Elsmere,2,Dogtopia of Elsmere,4.0,23,17,0.32100953969070534
Elverson,1,Peter J. Camiel Travel Plaza,4.0,21,157,0.3217357203048706
Elverson,2,Starbucks,2.5,13,45,0.20077422613066306
Elverson,3,Roy Rogers,2.0,21,36,0.16103957117937193
Enoch,1,River Cree Resort and Casino,3.0,50,272,0.2435469268060411
Enoch,2,Tap 25,3.0,21,73,0.24125244322601194
Enoch,3,The Venue,3.0,12,68,0.24086691140552718
Erdenheim,1,Southern Belle 2.0,4.5,19,3,0.36077043114303087
Erdenheim,2,Fairlane Grill,4.0,76,87,0.3235132219639613
Erdenheim,3,Chestnut Hill Animal Hospital,3.5,18,4,0.2807365438496225
Erdenheim,4,"Coupe Flowers, Inc.",3.5,11,5,0.2804648130044171
Erdenheim,5,Enterprise Rent-A-Car,3.5,11,1,0.28044179981018574
Erial,1,Gallery Pizza,4.5,28,11,0.3611732228591892
Essington,1,H & H Heating and Air Conditioning,5.0,16,0,0.4006342494714588
Essington,2,Monaghan's Irish Pub,4.5,167,225,0.367914471033865
Essington,3,Smart Park,4.5,165,124,0.3672541066955908
Essington,4,Big Joe's Sandwich Shop,4.5,98,95,0.36443134137567984
Essington,5,Millers Luncheonette,4.5,48,56,0.36222493313361537
Evesham,1,Chef Zhang,5.0,14,4,0.4005779814817578
Evesham,2,Escape Room Challenge,4.5,22,41,0.36110797826412727
Evesham,3,Howard Hill Furniture,4.5,11,10,0.3604935794972064
Evesham,4,Wawa,4.0,13,351,0.32253473548936207
Evesham,5,Longshore Breakfast and Lunch,4.0,40,24,0.3217237028440352
Evesham Township,1,Kiora Nail Spa,4.5,79,17,0.363229412840811
Evesham Township,2,Cups and Cones,4.5,57,154,0.36314552171997927
Evesham Township,3,Zed's Beer Bado Brewing,4.5,42,103,0.36225749461403683
Evesham Township,4,Marino's Kitchen,4.5,45,31,0.3619621788937709
Evesham Township,5,73 Seafood Restaurant,4.5,15,24,0.3607326880448808
Evshm Twp,1,Billig Jewelers,4.5,34,5,0.36137654661963914
Ewing,1,Indigrill,4.5,43,51,0.36199796368099535
Ewing,2,Ajika Ramen,4.5,35,15,0.3614737201971837
Ewing,3,Ewing Cakes & Pasteries,4.5,18,26,0.36086311641789504
Ewing,4,Gold Star Hair Cutting & Styling,4.5,12,1,0.36048144040215196
Ewing,5,Cafe Seventy Two,4.0,469,704,0.34264175981685463
Ewing Township,1,Where's the Food,5.0,16,5,0.400663015964248
Ewing Township,2,Empower Yoga,5.0,12,6,0.40051020689494116
Ewing Township,3,Blooming Grove Inn,4.5,103,105,0.36468707732108907
Ewing Township,4,Cattani Catering & Kitchen,4.5,52,25,0.3622051432461871
Ewing Township,5,The Tanning Zone,4.5,27,21,0.36119111525280134
Exton,1,Maridadi Couture,5.0,31,4,0.40125187154518277
Exton,2,Blue Buddha Healing Arts,5.0,23,11,0.4009750198993583
Exton,3,Evolution Salon,5.0,16,2,0.4006457560685745
Exton,4,Welsh Automotive Specialties,5.0,14,1,0.4005607215860843
Exton,5,Kisses Sweet Spa,5.0,13,3,0.4005325875912338
Fairland,1,Pleasant View Orchard,4.5,42,88,0.36217119513566925
Fairless Hills,1,Fairless Hills Produce Center,5.0,13,13,0.40059012057681215
Fairless Hills,2,Beef Jerky Outlet,5.0,12,5,0.4005044535963833
Fairless Hills,3,Top It Frozen Yogurt Cafe,4.5,37,302,0.36320419806721604
Fairless Hills,4,Smile Culture Dental,4.5,62,37,0.36267058874854285
Fairless Hills,5,Johnny Longhots,4.5,50,14,0.36206257577811846
Fairmont City,1,Mi Tierra Bonita,4.5,47,58,0.3621967991387649
Fairmont City,2,Tienda El Ranchito,4.0,71,164,0.32375802299308415
Fairview,1,"Mid-State Air Conditioning, Heating & Plumbing",3.5,13,0,0.2805153276955602
Fairview,2,Country Cafe,3.0,19,6,0.24078769103870432
Fairview Heights,1,Nothing Bundt Cakes,5.0,30,15,0.40127551723735283
Fairview Heights,2,Sushi Tatsu,4.5,179,303,0.36883891542497055
Fairview Heights,3,Taqueria Olvera,4.5,189,158,0.3684010930537455
Fairview Heights,4,Lilly Gyros,4.5,163,204,0.36763508939628564
Fairview Heights,5,Fairview Lounge,4.5,140,158,0.366458704047403
Fairview Hts,1,Petco,3.5,13,65,0.2808892921018198
Fairview Hts,2,TGI Fridays,2.0,110,155,0.16525222639274428
Fairview Hts.,1,White Castle,2.5,24,50,0.20123903913508015
Fairview Hts.,2,Wendy's,2.0,20,28,0.160953904198943
Fairview Village,1,City Restaurant,4.0,94,321,0.3255730244818869
Fairview Village,2,El Taquito,4.0,46,27,0.3219788062915057
Fallsington,1,Trenton Road Take Out,4.5,26,35,0.36123202084064493
Feasterville,1,Cheese Dawgs,5.0,118,96,0.4052299065135611
Feasterville,2,Hollywood Tans,5.0,16,15,0.4007205489498264
Feasterville,3,Covered Bridge Coffee Roasters,5.0,14,13,0.40062976116877835
Feasterville,4,Royal Touch Cleaning,5.0,12,0,0.4004756871035941
Feasterville,5,Shades of Gray,4.5,76,76,0.3634499356798251
Feasterville Trevose,1,American Crab Co,4.5,85,88,0.36387574059021466
Feasterville Trevose,2,Santorini Gyro,4.5,67,19,0.3627652323343326
Feasterville Trevose,3,Stabeno's Pizzeria,4.5,58,21,0.3624199736037527
Feasterville Trevose,4,Guy's Bicycles,4.5,44,51,0.3620376042729615
Feasterville Trevose,5,Village Pantry,4.5,30,9,0.36124099744600585
Feasterville-Trevose,1,Roma's Italian Specialty Market & Deli,5.0,33,8,0.4013541659233465
Feasterville-Trevose,2,Valor Tattoo,5.0,14,6,0.4005894880788735
Feasterville-Trevose,3,Mama Russo’s Pizzeria,5.0,14,3,0.4005722281832
Feasterville-Trevose,4,Andale Latino Grill,4.5,194,170,0.36866833559627044
Feasterville-Trevose,5,Musashi Exotic Japanese Cuisine,4.5,175,148,0.36778859178064066
"Feasterville-Trevose, PA",1,Fischer's Appliance Repair,4.5,57,0,0.36225951374207194
Feasterville-trevose,1,Burger King,3.0,16,60,0.24097944738492916
Feastville,1,Best Photo,4.5,11,2,0.36044755310874366
Fenton,1,Usha's Alteration & Tailoring,5.0,31,22,0.4013554309192239
Fenton,2,Far Below Retail Furniture And Mattress,5.0,16,7,0.4006745225613637
Fenton,3,Modern Weapon Systems,5.0,16,4,0.4006572626656902
Fenton,4,Stella Blues Vapors,5.0,12,10,0.4005332200891725
Fenton,5,Russell’s Cafe & Bakery,4.5,189,421,0.3699142105744574
Ferguson,1,Drake's Place Restaurant & BBQ Smokehouse,4.5,112,77,0.36488275028916517
Ferguson,2,Faraci Pizza,4.5,40,57,0.36191356169644384
Ferguson,3,Montrey's Cigar Lounge,4.5,24,42,0.36119301274661747
Ferguson,4,Baked Wood-fired Pizza,4.5,24,18,0.3610549335812293
Ferguson,5,Pop Pop Hurray,4.5,17,29,0.36084073572160236
Festerville,1,Jack's Delicatessen,3.5,31,49,0.2815107699802855
Fieldsboro,1,Cool Cricket,3.5,24,221,0.28222285318847073
Fishers,1,Ali'i Poke Fishers,5.0,124,87,0.4054159703783376
Fishers,2,The Escape Room Fishers,5.0,120,45,0.4050157694710436
Fishers,3,Nothing Bundt Cakes,5.0,85,40,0.4035995822594383
Fishers,4,Heather Brown Face and Body Studio,5.0,59,68,0.4027300192279374
Fishers,5,Northside Window & Gutter Cleaning,5.0,36,0,0.40142706131078226
Flanders,1,Metro Grille,3.0,17,18,0.24077744943746604
Florence,1,Rocco's Pizza & Italian Restaurant,4.5,34,34,0.36154339227781646
Florence,2,Debbie's Snack Shop,4.0,12,15,0.3205619865819617
Florence,3,Mario & Franks 1,3.5,38,24,0.28164442166010273
Florence,4,Nook's Pour House,3.0,58,74,0.24272489842731818
Florence,5,BT Restaurant and Tavern,3.0,52,112,0.24270568022071906
Florence Township,1,Tony Sopranos Pizza,3.0,21,4,0.24085546562552101
Florissant,1,Hot & New - Latte Lounge,5.0,27,32,0.4012544015369376
Florissant,2,Donut Delight,5.0,18,22,0.40084010322366365
Florissant,3,Real McCoy’s Grill,5.0,16,4,0.4006572626656902
Florissant,4,Street Life Mobile Food Service,5.0,13,12,0.4005843672782543
Florissant,5,Smoke & Sip,5.0,11,15,0.40052234598999553
Flourtown,1,Karla's Kitchen,5.0,23,8,0.40095776000368477
Flourtown,2,Flourtown Country Club,5.0,13,26,0.4006649134580641
Flourtown,3,Flourtown Service Center,5.0,11,13,0.40051083939287985
Flourtown,4,Fedora Salon & Spa,4.5,54,12,0.3622096315488675
Flourtown,5,El Limon Flourtown,4.0,69,33,0.3229250596980748
Folcroft,1,Best in Town Handyman Services,5.0,11,0,0.40043604651162795
Folcroft,2,Leo's Steak Shop,4.5,495,433,0.38211327129880046
Folcroft,3,Danny's Hamburgers,4.5,21,17,0.36093025850677296
Folcroft,4,Chick-A-Boom,4.5,20,13,0.3608676047205754
Folcroft,5,Folcroft Diner,4.0,120,130,0.32550479984846004
Folsom,1,Pappy's Crab House,5.0,18,25,0.4008573631193372
Folsom,2,Viman Thai Cuisine,4.5,195,241,0.3691164603858432
Folsom,3,Big Daddy'z BBQ & Grill,4.5,158,227,0.3675692123032851
Folsom,4,Mike and Emma's Sandwich Shop,4.5,65,49,0.36285855010713547
Folsom,5,Carmen's Pizza,4.5,29,33,0.3613394360194278
Fort Washington,1,Fort Washington Veterinary Hospital,4.5,24,31,0.36112972646248126
Fort Washington,2,Pi Dental Center,4.5,13,2,0.36052683429267596
Fort Washington,3,Cantina Feliz,4.0,437,583,0.34067711174843845
Fort Washington,4,Zakes Cafe,4.0,330,533,0.33614790348016593
Fort Washington,5,Hungry Bear Cafe,4.0,182,244,0.32861839258595654
Fortville,1,Simeri's Italian,3.5,38,98,0.2820701657533829
Foster Pond,1,Dreamland Palace German Restaurant,3.5,70,44,0.28302798657417705
Fountainville,1,Hollywood Nails & Spa,3.5,11,1,0.28044179981018574
Fountainville,2,Eagles Peak Spring Water,2.0,18,0,0.16071353065539115
Fox Street,1,ShopRite of Fox Street,3.0,52,165,0.24301060504428457
Franconia,1,Family Heritage,2.5,38,62,0.20186304700530067
Franklin,1,Yats,5.0,623,326,0.4265716641247818
Franklin,2,Brown Bag,5.0,133,131,0.40602588084257807
Franklin,3,Brazilian Wax Studio,5.0,128,101,0.405655078926012
Franklin,4,Lotz Civil War House Museum,5.0,122,98,0.4053999754785415
Franklin,5,Super Express Lube,5.0,76,374,0.4051644186500613
Franklin ,1,Vital Form Chiropractic,5.0,28,5,0.4011387030678421
Franklinville,1,Franklinville Inn,4.5,182,125,0.36793375005757356
Franklinville,2,The Bagel Barn,4.0,27,17,0.32116810205857
Franklinville,3,China Cafe,4.0,18,34,0.32090914280635774
Franklinville,4,Fresh N Clean Carpet & Upholstery Care,4.0,18,0,0.3207135306553912
Franklinville,5,Carollo's Ristorante,3.5,56,50,0.28250753807799767
Frazer,1,Cedars Cafe,4.5,95,223,0.3650488418151848
Frazer,2,MENtality Barbers,4.5,32,50,0.3615561638708096
Frazer,3,Pinnacle Eye Care,4.5,12,3,0.36049294699926765
Frazer,4,John's Pizza,4.0,66,190,0.3237094057957571
Frazer,5,India House,4.0,34,20,0.32146284609800674
Freeburg,1,Reifschneider's Grill & Grape,4.0,62,166,0.3234127642625042
Freeburg,2,Valentine's Restaurant,4.0,30,57,0.32151715577678214
Freeburg,3,Tequila's Mexican Restaurant,4.0,20,69,0.32118978943981447
French Quarter,1,Lord Chaz Tours,4.5,69,14,0.36281574702547575
French Quarter - CBD,1,Creole Tomato Festival,4.0,11,49,0.32071795814096216
Frontenac,1,Shack Breakfast & Lunch,4.5,469,1088,0.38485102646306507
Frontenac,2,Plaza Frontenac Cinema,4.0,60,322,0.32423099765359487
Frontenac,3,Grassi's Ristorante & Deli,4.0,79,128,0.32386802898073125
Frontenac,4,BrickTop's,3.5,267,642,0.2942776557291014
Frontenac,5,Sugo's Spaghetteria,3.5,208,347,0.29024163772853445
Furlong,1,Wycombe Vineyards,4.5,80,111,0.3638098634972141
Furlong,2,Riah Hair Studio,4.5,12,3,0.36049294699926765
Furlong,3,Boudoir Beauty Bar,4.5,12,0,0.3604756871035941
Furlong,4,Froehlich's Farm & Garden Center,4.0,11,13,0.3205108393928799
Furlong,5,Back To the 50S,3.5,41,59,0.2819647088855256
Gallatin,1,Campione's Taste of Chicago,5.0,206,276,0.4097538723469955
Gallatin,2,La Michoacana Delicious,5.0,24,26,0.40110095996969203
Gallatin,3,Epic Eatery,5.0,15,6,0.40062912867083966
Gallatin,4,Top Hog,4.5,140,91,0.3660732330440277
Gallatin,5,Sapporo,4.5,110,124,0.36507387413745124
Garden City,1,Dent Artist Paintless Dent Removal,5.0,105,9,0.4042140418434688
Garden City,2,Garage Door Store Boise,5.0,34,1,0.40135353342540775
Garden City,3,Carl's Auto Repair,5.0,29,5,0.40117834365980826
Garden City,4,County Line Brewing,5.0,18,32,0.40089763620924207
Garden City,5,Coiled Wines,5.0,14,35,0.40075633373705083
Gardenville,1,Gardenville Hotel,4.0,44,65,0.32211815045277126
Garnet Valley,1,Booths Corner Farmers Market,4.5,74,429,0.3654015688868102
Garnet Valley,2,Kapow Kitchen,4.5,32,47,0.36153890397513605
Garnet Valley,3,Bethel Cleaning Services,4.5,19,3,0.36077043114303087
Garnet Valley,4,Gia's Steaks and Hoagies,4.5,15,13,0.3606694017607445
Garnet Valley,5,Farm To You Kitchen,4.0,60,73,0.3227984263126928
Gentilly,1,The Original Italian Pie,3.0,27,32,0.24125440153693756
Gibbsboro,1,Blueberry Hill Trail,4.5,26,32,0.36121476094497146
Gibbsboro,2,The ChopHouse,4.0,256,309,0.33192576079771297
Gibbsboro,3,Masso's Deli & Pizzeria,3.5,53,63,0.28246340918335106
